Target,PDB_ID,Min_Distance
ABL1_185,5DC9,5.2
ABL1_185,3UYO,5.55
ABL1_253,2G2F,5.22
ABL1_413,2G1T,5.62
ABL1_413,2G2I,5.96
ABL2_568,3ULR,2.95
ACACA_1745,8XL2,2.21
ACAP2_750,6IF3,5.97
ACLY_124,3MWD,5.75
ACLY_227,7LIW,5.67
ACP3_103,1ND5,4.53
ACTL6A_144,9C57,1.66
ACTL6A_144,8XVT,3.08
ACTL6A_144,9CAC,3.18
ACTL6A_144,9CAE,3.24
ACTL6A_144,8QR1,3.28
ACTL6A_144,9C6N,3.64
ACY1_105,1Q7L,3.75
ADAM10_638,8ESV,3.13
ADAM17_304,3CKI,5.52
ADAM17_82,8SNL,3.06
ADAP1_120,3MDB,2.97
ADAP1_120,3FM8,3.18
ADAR_722,7ZLQ,3.26
ADGRF1_177,7WY0,2.82
ADGRF1_177,8HC0,4.15
ADGRF1_279,7WU4,2.47
ADGRF1_279,7WU3,2.75
ADGRF1_279,7WZ7,2.9
ADGRF1_279,7WXU,3.06
ADGRF1_279,7WXW,3.12
ADGRF1_279,7X2V,5.13
ADSL_294,4FLC,2.42
AEBP2_189,8FYH,3.71
AEBP2_305,9DCH,3.55
AEBP2_305,6C24,5.49
AEBP2_493,8VNV,2.39
AEBP2_493,8VNZ,2.44
AEBP2_493,5WAI,2.68
AEBP2_493,8VMI,2.93
AEBP2_493,8VML,4.62
AHR_76,5NJ8,2.02
AIFM1_347,8D3O,2.84
AIMP2_181,5A34,5.82
AIMP2_25,4DPG,2.72
AIP_202,4APO,3.5
AIP_202,4AIF,3.65
AIP_202,7ZUB,5.5
AKAP13_2153,4D0N,5.24
AKT1_350,3OCB,3.5
AKT1_350,6BUU,3.56
AKT1_350,6NPZ,3.7
AKT1_350,4EKK,3.73
AKT1_350,3OW4,3.77
AKT1_350,3CQU,4.02
AKT1_350,3MV5,4.03
AKT2_316,2JDO,2.74
AKT2_316,1O6K,2.75
AKT2_316,3E87,2.98
ALKBH5_141,7WL0,5.78
ALKBH5_141,7WKV,5.92
AMOT_242,7LP3,1.96
AMOT_242,7LP2,2.61
ANP32A_144,8RMR,2.33
ANP32A_144,8RN0,2.33
ANXA2_188,7NMI,3.24
ANXA2_24,8AEL,2.88
ANXA2_24,7P74,3.23
ANXA2_24,7P73,3.34
ANXA2_333,7PC3,2.9
ANXA2_75,7PC8,4.95
ANXA2_75,7PC7,5.92
AP1B1_333,4P6Z,5.52
AP1B1_361,7R4H,3.97
AP2B1_300,6QH5,3.09
AP2B1_300,7OG1,3.49
AP2B1_300,6QH7,3.51
AP2B1_300,6URI,3.79
AP2B1_300,2JKR,4.29
AP2B1_300,2VGL,4.34
AP2B1_300,4UQI,4.42
AP2B1_300,2XA7,4.58
AP2B1_300,7OHO,4.61
APC_1031,1JPP,2.9
APEX1_118,7U50,2.57
APEX1_128,6W3U,2.6
APEX1_128,1DEW,2.62
APEX1_128,9DP2,2.62
APEX1_128,5WN2,2.65
APEX1_128,7LPI,2.71
APEX1_128,5DFH,2.72
APEX1_128,6P93,2.74
APEX1_128,1DE8,2.78
APEX1_128,5WN0,2.79
APEX1_128,6W3N,2.8
APEX1_128,6W2P,2.9
APEX1_128,6W4T,2.91
APEX1_128,6W3L,3.0
APEX1_128,1DE9,3.01
APEX1_128,7SUV,3.03
APEX1_128,7SVB,3.13
APEX1_128,9DP4,3.38
APEX1_128,5WN3,3.57
APEX1_128,5WN1,3.64
APEX1_128,5DFJ,3.78
APEX1_128,5DFI,3.82
APEX1_128,6W4I,3.95
APEX1_128,9DP1,5.28
APEX1_128,6BOQ,5.82
APEX1_128,7LPG,5.84
APOBEC3F_308,5ZVB,2.46
APOBEC3F_308,5ZVA,2.86
ARF3_81,6II6,2.81
ARF6_77,4KAX,3.47
ARF6_77,2W83,3.65
ARG2_334,6SS6,2.49
ARG2_334,8RGU,3.22
ARHGEF11_925,1XCG,3.45
ARHGEF7_193,5SXP,2.35
ARID1A_222,6LTH,3.65
ARL1_77,4DCN,3.48
ARL1_77,1UPT,3.53
ARMC8_365,7NSC,3.67
ARNT_154,8XS6,3.15
ARNT_386,5TBM,4.08
ARRB1_113,8JRV,3.41
ARRB1_113,7SRS,3.68
ARRB1_21,8AS3,5.67
ARRB1_21,8ZYU,5.98
ARRB1_249,6TKO,3.52
ASAH1_36,5U7Z,1.54
ASAH1_36,6MHM,2.44
ASCC3_1821,8ALZ,3.38
ASCC3_196,6YXQ,5.42
ASPH_477,6RK9,5.83
ASPH_477,7E6J,5.89
ASPH_477,5JQY,5.93
ASPH_565,7BMJ,2.03
ATAD2_1086,4TT4,4.75
ATG13_115,8DO8,2.93
ATG14_66,9MHG,2.75
ATP1A1_902,7E1Z,2.78
ATP1A3_892,8D3V,2.76
ATP5F1A_476,8H9E,3.66
ATP5F1B_292,8H9E,2.97
ATP5F1B_292,8H9I,3.32
ATP5PB_165,8H9G,3.58
ATP5PD_150,8H9G,3.8
ATXN7_534,7KTR,2.74
BAG6_1098,4X86,3.07
BAG6_1098,7RU9,3.62
BAG6_1098,4WWR,5.38
BCAT2_168,1KT8,3.82
BCAT2_168,2HDK,4.06
BCKDHA_367,2J9F,3.39
BCKDHA_367,1U5B,3.42
BCKDHA_367,1OLS,3.52
BCKDHA_367,2BEU,3.54
BCKDHB_363,1U5B,2.59
BCKDHB_363,2J9F,2.63
BCKDHB_363,1OLS,2.74
BCKDHB_363,2BEU,2.79
BCL2L11_162,6TQQ,2.37
BCL2L11_162,8T5E,3.18
BCL2L11_162,4B4S,3.91
BCL2L11_162,2VM6,5.88
BCL2L1_15,6ZHC,2.93
BECN1_229,9MHF,2.98
BEND3_719,7W27,2.84
BLM_750,7AUD,4.48
BLM_995,4CDG,3.85
BRAF_566,8VYS,2.55
BRAF_566,7ZR0,3.04
BRAF_673,4MNE,5.22
BRAF_673,6PP9,5.75
BRAF_673,9AXX,5.98
BRAT1_560,8R23,3.84
BRD2_113,8SB6,5.18
BRD2_113,6U8H,5.23
BRD3_60,7TO7,4.03
BRD3_60,7TO9,4.3
BRD3_73,7TO8,5.4
BRD3_73,7RJL,5.55
BRD4_390,6KO2,5.78
BRD4_390,8YMB,5.99
BRD4_432,8CV6,3.7
BRD4_432,8CV4,4.31
BRD4_432,6U8I,4.72
BRD4_97,6ULV,5.2
BRD4_97,7RJP,5.33
BRD4_97,7RJO,5.34
BRD4_97,6G0S,5.5
BRD4_97,6U8G,5.79
BRD4_97,5NNE,5.97
BRD4_97,6U74,6.0
BROX_348,3ULY,2.97
BROX_348,3UM1,3.18
BRPF1_1096,2X4X,2.58
BRPF1_1096,2X4W,3.43
BRPF1_1096,3MO8,3.51
BSG_201,7CKO,5.11
C3_139,8ENU,4.67
C3_139,8OVB,4.72
C3_139,5FO8,5.49
C3_139,6EHG,5.5
C3_139,7QIV,5.52
C3_139,5FO7,5.56
C3_139,5FO9,5.6
C3_139,5FOB,5.63
C3_147,2XWB,3.65
C3_147,2A73,4.16
C3_147,7TV9,4.49
C3_147,7BAG,5.11
C3_147,2WII,5.98
C3_1543,7AKK,2.58
C3_837,3L3O,2.87
C3_837,3G6J,2.97
C4A_236,7B2P,1.77
C4A_236,7B2M,2.64
C4A_236,5JTW,2.7
C5_1225,8B0G,3.17
C5_1225,8B0F,3.55
C5_1225,8B0H,3.9
C5_1225,4A5W,4.38
C5_146,7AD6,3.48
C5_146,6RQJ,3.53
C5_146,5HCC,3.59
C5_146,5HCE,3.62
C5_146,7AD7,3.69
C5_146,5HCD,3.74
C5_347,7NYD,2.76
C5_347,7NYC,2.8
C6_349,8B0G,1.7
C6_349,8B0H,1.76
C6_349,8B0F,1.87
C6_349,7NYC,2.76
C6_349,7NYD,2.79
CACNB3_437,8WE7,2.44
CACNB3_437,7UHF,2.99
CACNB3_437,8FHS,3.36
CALCOCO2_376,4HAN,2.91
CALCOCO2_376,4GXL,3.05
CALM1_100,6K4K,3.01
CALM1_100,7U9T,3.47
CALM1_100,1YR5,3.69
CALM1_100,6V00,3.71
CALM1_100,6UZZ,3.73
CALM1_100,1ZUZ,3.74
CALM1_100,3SUI,3.83
CALM1_100,4JPZ,3.84
CALM1_100,4DCK,3.86
CALM1_100,6YNU,3.97
CALM1_100,3BYA,4.05
CALM1_100,1IWQ,4.09
CALM1_100,3G43,4.15
CALM1_100,5K8Q,4.44
CALM1_100,6Y4P,4.51
CALM1_100,9J38,4.55
CALM1_100,1WRZ,4.58
CALM1_100,1CDL,4.81
CALM1_100,5JQA,4.93
CALM1_100,1PK0,5.12
CALM1_100,7ZRQ,5.16
CALM1_100,7ZRP,5.43
CALM1_100,1K90,5.7
CALM1_100,2F3Z,5.73
CALM1_100,3EWT,5.81
CALM1_100,2BE6,5.83
CALM1_139,7VMB,3.38
CALM1_139,7VVD,4.77
CALM1_139,4OVN,5.45
CAND1_1090,8OR0,3.48
CAND1_1090,8OR3,3.5
CAND1_1090,7ZBZ,3.56
CAND1_1090,1U6G,3.59
CAND1_1090,7Z8T,3.66
CAND1_1090,8OR2,3.68
CAND1_1090,7Z8R,3.72
CAPZA1_239,7T5Q,3.51
CASC3_181,2XB2,2.24
CASC3_181,3EX7,5.77
CASK_113,6KMH,3.72
CASK_113,3TAC,3.88
CASP2_238,1PYO,2.9
CASP2_238,3RJM,3.14
CASP2_238,3R7N,3.49
CASP2_238,3R7B,3.65
CASP2_238,3R6G,3.69
CASP2_238,3R5J,3.73
CASP2_238,3R7S,3.91
CASP4_126,8J6K,2.64
CASP4_126,8SPB,2.69
CASP4_333,7WR5,5.94
CASP6_228,8EG6,3.47
CASP6_228,3QNW,3.72
CASP7_58,4LSZ,2.7
CASP7_58,3IBF,2.78
CASP7_58,3EDR,2.81
CASP7_58,4ZVQ,2.82
CASP7_58,4ZVT,2.82
CASP7_58,2QL5,2.83
CASP7_58,4ZVU,2.84
CASP7_58,5IC6,2.84
CASP7_58,6CL1,2.84
CASP7_58,6X8J,2.84
CASP7_58,4ZVR,2.85
CASP7_58,4ZVS,2.85
CASP7_58,4ZVO,2.87
CASP7_58,2QL9,2.88
CASP7_58,4ZVP,2.88
CASP7_58,4JB8,2.89
CASP7_58,6CL2,2.9
CASP7_58,2QLJ,2.92
CASP7_58,1I51,2.93
CASP7_58,5K20,2.93
CASP7_58,3IBC,2.98
CASP7_58,2QL7,3.0
CASP7_58,2QLF,3.14
CASP7_58,3R5K,3.25
CASP7_58,1F1J,3.27
CASP7_58,2QLB,3.38
CASP8_101,8YD7,3.37
CASP8_101,8YD8,4.0
CASP8_235,2Y1L,2.74
CASP8_29,8YM6,5.14
CASP8_365,1QTN,3.2
CASP8_365,2C2Z,3.44
CASP8_365,3KJN,3.44
CASP8_365,6X8H,3.75
CASP8_365,4PRZ,4.59
CASP8_380,3H11,3.48
CBL_337,1FBV,3.06
CBL_337,2Y1N,3.13
CBL_337,2CBL,3.2
CBL_337,3BUM,3.25
CBL_337,3OB1,3.28
CBL_337,4A4B,3.29
CBL_337,7SIY,3.34
CBL_337,5O76,3.37
CBL_337,3OB2,3.58
CBL_337,4GPL,3.64
CBL_337,5HL0,3.65
CBL_337,3BUN,3.77
CBL_337,3BUO,4.22
CBL_337,3BUX,4.27
CBX1_164,3Q6S,3.6
CBX5_168,9CMT,3.39
CBX5_37,3FDT,4.0
CCDC25_24,8WOH,2.56
CCDC25_24,7EOF,3.03
CCDC93_137,8P0W,3.32
CCNA2_238,8BYA,3.45
CCNB1_175,5LQF,3.74
CCNB1_175,4Y72,4.09
CCNE1_206,9D0X,3.8
CCNH_297,6XBZ,3.75
CCT2_213,7TRG,3.27
CCT6A_239,7TRG,3.1
CD2BP2_63,8Q7Q,5.05
CD40_82,3QD6,3.08
CD46_68,5FO8,3.67
CD46_68,8QK3,4.09
CD46_68,3INB,5.14
CD55_63,7VY6,2.97
CD59_61,8CN6,1.62
CD9_148,6RLO,4.72
CDC123_114,8PHD,5.36
CDC16_242,3HYM,2.51
CDC27_602,4RG6,3.8
CDC37_248,8GAE,2.33
CDC37_248,7Z38,3.2
CDC37_248,7ZR0,3.57
CDC42_23,4JS0,2.61
CDC42_23,3VHL,3.04
CDC42_23,4DID,3.04
CDC42_23,1NF3,3.13
CDC42_23,6AJ4,3.26
CDC42_23,6TKY,5.89
CDC42_72,4ITR,5.49
CDC42_72,6SIU,5.5
CDC42_72,1GZS,5.55
CDC42_72,2ODB,5.92
CDC42_72,1KZ7,5.94
CDC42_72,1KI1,5.98
CDC45_11,9E2Z,1.95
CDC45_11,6XTX,3.09
CDH1_190,2OMU,2.6
CDH1_190,1O6S,3.29
CDK1_237,6GU7,5.8
CDK1_237,4YC6,5.88
CDK1_237,6GU6,5.95
CDK2_15,1GY3,2.77
CDK2_15,1FQ1,2.9
CDK2_15,1JSU,3.26
CDK2_15,2CCI,3.41
CDK2_15,3QHR,3.53
CDK2_15,1QMZ,4.39
CDK2_15,9D0X,4.6
CDK2_15,8OR0,4.76
CDK2_15,9D0W,5.03
CDK2_159,1OKV,2.42
CDK2_159,1FIN,2.53
CDK2_159,1E9H,3.21
CDK2_159,2WEV,3.22
CDK2_159,2WHB,3.22
CDK2_159,3TNW,3.26
CDK2_159,1H28,3.3
CDK2_159,1JST,3.31
CDK2_159,1H26,3.33
CDK2_159,2C5V,3.34
CDK2_159,1H27,3.36
CDK2_159,6P3W,3.36
CDK2_159,1H25,3.39
CDK2_159,2WMB,3.39
CDK2_159,1URC,3.4
CDK2_159,2WMA,3.41
CDK2_159,2CCH,3.43
CDK2_159,1OL2,3.45
CDK2_159,1H24,3.47
CDK2_159,2UUE,3.47
CDK2_159,6ATH,3.48
CDK2_159,1OKW,3.52
CDK2_159,1P5E,3.52
CDK2_159,6GVA,3.53
CDK2_159,8ROZ,3.53
CDK2_159,2JGZ,3.54
CDK2_159,1H1P,3.58
CDK2_159,2X1N,3.58
CDK2_159,2IW6,3.6
CDK2_159,1OL1,3.61
CDK2_159,2WFY,3.61
CDK2_159,2G9X,3.7
CDK2_159,4BCK,3.87
CDK2_19,8BYA,3.49
CDK4_17,6P8H,2.82
CDK4_21,6P8E,3.2
CDK5_15,7VDS,3.2
CDK5_15,7VDP,3.22
CDK5_15,1UNL,5.9
CDK6_13,4TTH,3.53
CDK6_24,2F2C,5.83
CDK9_5,4OGR,2.68
CDK9_5,6Z45,3.22
CDK9_5,3BLH,3.47
CDK9_5,6CYT,3.63
CDK9_5,3MI9,5.1
CDK9_5,4BCI,5.8
CDKN1A_77,6P8H,3.68
CDKN1B_74,8BYA,5.74
CDKN1B_74,1JSU,5.8
CDKN1B_88,6P8F,5.69
CEP55_187,3WUU,3.09
CEP55_187,3WUT,3.28
CEP55_187,3E1R,3.32
CFL1_117,9H1F,5.69
CFL1_117,5HVK,5.97
CHAF1B_173,8IQG,3.02
CHD1L_126,7EPU,4.88
CHD1L_326,7ENN,5.49
CHD1L_326,8B0A,5.59
CHD1_409,4NW2,5.88
CHD1_409,4O42,5.92
CHD1_409,5AFW,5.99
CHRNB1_442,9DMT,5.5
CHRNB1_442,9DMG,5.71
CHRNB1_442,9DMQ,5.74
CHRNB1_442,9DMS,5.75
CHRNB1_442,9DMV,5.81
CHRNB1_442,9DMJ,5.94
CHRNB1_442,9DMK,5.98
CKS1B_19,8BYA,3.49
CLCN3_639,9DNX,3.95
CLPP_209,6BBA,5.81
CLPP_73,8W7E,5.99
CLTC_184,6QNP,4.1
CLTC_184,7ZX4,4.33
CLTC_184,6QNN,4.49
CNOT1_1149,4CRW,2.88
CNOT1_1548,9FL8,2.21
CNOT1_1548,4CRU,2.86
CNOT1_1548,5ONA,3.22
CNOT1_1863,5FU6,3.26
CNOT1_1863,5FU7,3.73
CNOT1_1863,4C0D,5.54
CNOT1_1933,4CQO,4.3
CNOT1_359,8FY3,3.4
CNOT1_899,4J8S,2.66
CNOT3_685,4C0D,3.5
CNOT3_685,5FU6,3.5
CNOT3_685,5FU7,3.5
COL6A1_1009,9GTU,5.74
COMMD6_72,8P0W,3.24
COPA_955,6TZT,3.76
COPE_203,6TZT,3.06
CPD_279,9J6Z,3.53
CPSF1_1120,8E3Q,5.72
CPSF1_122,6URG,3.14
CPSF1_155,8E3I,3.84
CPSF1_155,6FUW,3.91
CPSF1_155,6DNH,3.95
CPSF1_155,8R8R,4.28
CPSF4_127,7ZYH,1.6
CPSF4_127,7K95,2.63
CPSF4_127,6URG,3.94
CRK_186,5UL6,3.32
CRK_186,6ATV,3.63
CRLF1_319,8D7H,3.42
CSNK2A1_188,6SPX,3.37
CSNK2A1_188,6SPW,3.66
CSNK2A1_39,9FBL,2.67
CSNK2A1_39,9FBM,2.73
CSNK2A1_39,6Q38,3.3
CSNK2A1_39,7QUX,3.34
CSNK2A1_39,6Q4Q,3.36
CSNK2A1_39,4IB5,3.44
CSNK2A1_39,6Z19,3.44
CSNK2A1_39,6YZH,3.6
CTC1_165,6W6W,2.93
CTC1_281,8D0B,3.29
CTCF_226,6QNX,5.31
CTCF_273,8SSS,2.56
CTCF_471,5K5L,2.36
CTCF_471,8SSR,3.42
CTCF_471,5UND,3.55
CTCF_471,8SSQ,3.74
CTCF_471,5YEF,5.0
CTCF_471,5YEG,5.68
CTCF_480,5YEH,3.55
CTH_60,2NMP,3.33
CTNNA1_148,6UPV,3.42
CTNNA1_148,7UTJ,3.61
CTNNA1_351,4EHP,2.82
CTNNB1_30,1P22,3.58
CTNNB1_30,6M91,5.48
CTNNB1_654,8EIC,2.25
CTNNB1_654,1G3J,2.63
CTNNB1_654,1LUJ,2.79
CTNNB1_654,1TH1,2.83
CTNNB1_654,7UWO,3.36
CTNNB1_654,1T08,3.53
CTNND1_389,3L6Y,3.35
CTNND1_389,3L6X,3.47
CTSA_249,4AZ0,3.01
CTSB_219,1CSB,3.46
CTSB_219,1HUC,3.56
CTSB_219,2IPP,3.86
CTSB_219,3CBJ,5.9
CTSB_244,5MBM,4.67
CTSB_244,5MBL,5.42
CTSC_324,4CDC,2.88
CTSC_324,4CDD,2.91
CTSC_324,4OEL,2.94
CTSC_324,2DJF,2.95
CTSC_324,6IC5,2.96
CTSC_324,6RN6,2.96
CTSC_324,1K3B,3.05
CTSV_265,7Q9H,2.22
CTSV_265,7QFF,2.27
CTSV_265,7Q8D,2.35
CTSV_265,7Q8Q,2.36
CTSV_265,7QHJ,2.36
CTSV_265,7Q8F,2.41
CTSV_265,7QHK,2.48
CTSV_265,7Q8H,2.53
CTSV_265,7Q8O,2.6
CTSV_265,7Q8K,3.37
CTSV_265,7Q8I,3.58
CTSV_265,7QGW,3.7
CTSV_265,7Q8G,3.76
CTSV_265,7QNS,3.77
CTSV_265,7Q8N,3.81
CTSV_265,7Q8P,3.83
CTSV_265,7Q8L,3.88
CTSV_265,7Q8J,4.64
CTSV_265,7Q8M,5.51
CTSV_265,7QO2,5.56
CTSV_312,7QFH,2.14
CUL1_119,8UBT,5.62
CUL1_139,1LDK,3.12
CUL1_139,8OR3,4.51
CUL1_208,8OR0,4.65
CUL1_208,8OR2,5.56
CUL1_425,4F52,2.58
CUL1_500,3RTR,5.73
CUL1_570,1LDJ,3.04
CUL1_570,7Z8R,3.74
CUL1_570,7Z8T,3.77
CUL1_570,7ZBZ,3.85
CUL1_772,5V89,2.69
CUL1_772,3TDU,3.35
CUL1_772,3TDZ,3.63
CUL1_772,4P5O,3.72
CUL1_774,1U6G,3.19
CUL1_774,8CAF,3.29
CUL2_100,8WQF,3.7
CUL2_107,8R5H,5.63
CUL2_378,8WQB,3.38
CUL2_378,8JAR,4.94
CUL2_394,8WQA,2.96
CUL2_394,8WQE,3.15
CUL2_43,4WQO,3.09
CUL2_43,8QU8,3.77
CUL3_125,4EOZ,2.54
CUL3_29,8I79,3.14
CUL3_58,4APF,2.52
CUL3_58,4AP2,2.7
CUL4A_757,8B3I,2.98
CUL4A_757,2HYE,3.44
CUL4B_235,4A64,4.8
CUL7_1429,7Z8B,3.57
CXADR_147,7VXZ,3.3
CXADR_83,2J12,2.72
CXADR_83,1KAC,2.8
CXADR_83,1P69,2.96
CYFIP1_481,4N78,3.45
CYFIP1_481,3P8C,3.5
CYFIP1_481,7USC,3.71
CYFIP1_481,7USD,3.71
CYFIP1_481,7USE,3.72
DAB2_170,6OVF,3.48
DAB2_170,6O5O,3.51
DAD1_16,6S7T,3.65
DARS1_348,5Y6L,5.88
DBN1_17,5Y1Z,3.77
DCAF15_393,6Q0V,5.98
DCTN1_46,2HL5,3.28
DCTN1_46,3TQ7,3.4
DCTN1_78,2HKQ,5.02
DDB1_136,6TD3,5.58
DDB1_136,6Q0R,5.84
DDB1_171,5JK7,3.53
DDB1_182,8G46,5.15
DDB1_182,9DHD,5.68
DDB1_245,8TL6,2.96
DDB1_271,9BJZ,3.61
DDB1_316,6DSZ,1.74
DDB1_316,8QH5,2.19
DDB1_316,8ROX,2.57
DDB1_316,6PAI,2.62
DDB1_316,6UD7,2.79
DDB1_316,6UE5,2.79
DDB1_316,8AJM,5.94
DDB1_42,9D0W,2.56
DDB1_42,8TNP,2.58
DDB1_42,8G66,4.44
DDB1_42,5FQD,4.48
DDB1_58,6H0F,5.25
DDB1_837,3I7O,2.71
DDB1_837,2B5L,2.96
DDB1_837,3I7N,2.97
DDB1_837,7UKN,3.07
DDB1_837,2HYE,3.11
DDB1_837,3I8C,3.13
DDB1_837,3I8E,3.17
DDB1_837,6ZUE,3.19
DDB1_837,8AJN,3.33
DDB1_837,8T9A,3.46
DDB1_837,6ZX9,3.5
DDB1_837,4E54,3.64
DDB1_837,3I7P,3.97
DDB1_837,4A08,4.0
DDB1_837,3EI2,4.13
DDB1_837,9J6K,4.18
DDB1_837,3I89,4.54
DDB1_837,3EI4,4.55
DDB1_837,3EI3,4.71
DDB1_837,4A09,4.76
DDB1_837,3EI1,5.03
DDB1_837,3I7H,5.68
DDB1_871,8B3I,2.2
DDB1_871,6BN7,3.34
DDB1_871,8TZX,3.4
DDB1_871,8U15,3.44
DDB1_871,8U16,3.49
DDB1_871,6FCV,3.51
DDB1_871,4CI1,3.57
DDB1_871,4A11,3.58
DDB1_871,4TZ4,3.6
DDB1_871,7U8F,3.78
DDB1_871,8D7Z,3.79
DDB1_871,8UH6,3.86
DDB1_913,8WQR,5.73
DDOST_162,6S7O,5.17
DDOST_162,6S7T,5.46
DDX39B_265,9DLP,3.1
DDX3X_200,6O5F,5.22
DDX3X_266,7YMF,3.04
DDX3X_301,7LIU,3.75
DDX3X_576,5E7I,3.52
DDX3X_580,8SSW,4.53
DDX42_160,7EVN,3.28
DDX46_1020,7Q3L,4.8
DDX6_312,2WAX,2.73
DDX6_312,6S8S,2.88
DDX6_312,4CT4,3.08
DDX6_313,5ANR,3.06
DDX6_313,6F9S,3.24
DDX6_315,4CRW,3.66
DEPDC5_127,8FW5,5.2
DET1_322,9BJZ,5.51
DET1_346,9DHD,3.5
DHPS_176,8A0E,3.48
DHPS_176,8PVU,4.35
DHX15_303,6SH6,5.27
DHX15_331,8EJM,2.91
DIS3L2_435,8E29,3.26
DIS3L2_435,8E2A,3.36
DIS3L2_435,8E28,3.64
DKC1_153,7TRC,4.09
DKC1_207,8OUE,4.89
DKC1_207,9QB2,4.94
DKC1_225,7BGB,5.17
DKK1_238,3S2K,5.88
DNMBP_1522,4CC4,2.34
DNMBP_1522,4CC2,3.3
DNMBP_1522,4CC3,3.3
DNMBP_1522,4CC7,3.3
DNMT1_1388,4YOC,4.73
DNMT1_1514,7SFG,4.13
DNMT1_1514,7SFC,4.15
DNMT1_1514,6X9I,4.61
DNMT1_1514,7XI9,5.63
DNMT1_399,5WVO,2.74
DNMT1_399,5YDR,2.81
DPP4_48,2BGN,3.57
DPP4_48,1R9N,4.5
DPP4_666,1WCY,3.21
DPP4_666,1NU8,3.53
DPP4_666,2BGR,3.75
DPP9_44,7JKQ,3.25
DPP9_44,7ZXS,3.49
DPP9_44,6X6C,5.03
DPP9_762,6QZV,2.83
DTX2_400,6Y2X,5.8
DVL2_27,6JCK,3.16
DYNC1H1_1010,9BLY,3.14
DYNC1H1_332,6F1U,2.77
DYNC1H1_893,6F1Y,5.72
DYNC1I2_156,6F1U,5.9
DYNC1LI2_88,9BLY,3.56
DYNC1LI2_88,6F1Y,3.59
DYRK1A_310,2WO6,3.73
E2F4_139,5TUU,2.7
E2F4_59,1CF7,2.63
EED_124,6U4Y,3.39
EED_124,6C24,3.98
EED_124,7TD5,5.85
EED_186,5IJ7,3.73
EED_186,9DCH,5.45
EED_186,8VMI,5.7
EED_278,4W2R,3.01
EED_278,6B3W,3.04
EED_278,8VNV,3.22
EED_278,8FYH,3.5
EED_278,9C8U,3.55
EED_278,8VNZ,3.6
EED_278,8VML,3.66
EED_308,3IJ1,3.24
EED_308,4X3E,3.55
EED_308,5TTW,3.57
EED_308,3IIY,3.88
EED_308,3IIW,3.97
EED_308,3IJ0,4.17
EED_308,3JPX,4.63
EED_308,6V3X,5.26
EEF1E1_101,5Y6L,4.18
EEF2K_167,8FNY,3.06
EEF2K_167,7SHQ,4.89
EEF2K_167,8FO6,5.97
EFNB2_34,4UF7,2.98
EFNB2_75,6P7Y,3.17
EFTUD2_161,8RC0,4.57
EFTUD2_276,8Q91,3.87
EFTUD2_276,8QP8,4.03
EFTUD2_482,8Q7Q,5.62
EGFR_316,1IVO,5.9
EGFR_316,5XWD,5.99
EGFR_471,4KRP,2.38
EGFR_471,4KRO,2.44
EGFR_471,1YY9,3.4
EGFR_471,6ARU,3.44
EGFR_471,4UIP,3.48
EGFR_471,5SX4,3.71
EGFR_471,3B2V,3.98
EGFR_471,6B3S,4.27
EGFR_915,2RFE,2.93
EGFR_915,2RF9,3.6
EIF2AK2_454,2A19,5.67
EIF2AK2_454,2A1A,5.98
EIF2B1_227,8TQZ,3.26
EIF2B1_227,7F66,3.29
EIF2B1_227,6O85,3.41
EIF2B1_86,3ECS,5.66
EIF2B2_344,7F66,3.75
EIF2B2_344,6O85,3.8
EIF2B2_344,6O9Z,4.16
EIF2B2_344,6CAJ,4.23
EIF2B2_344,7F64,5.22
EIF2B5_319,7F66,4.82
EIF2B5_319,6O9Z,5.07
EIF2B5_319,7F64,5.13
EIF2B5_319,6O85,5.24
EIF2B5_319,6CAJ,5.5
EIF2B5_483,8TQO,3.17
EIF2S1_121,6O9Z,3.96
EIF2S1_121,6O85,4.21
EIF2S1_121,7F66,4.51
EIF2S1_147,9NB9,5.0
EIF2S3_102,6O85,4.3
EIF2S3_102,7F66,5.09
EIF3J_143,3BPJ,3.36
EIF4A3_202,2J0S,3.3
EIF4A3_202,3EX7,3.48
EIF4A3_202,2J0U,3.49
EIF4A3_202,2HYI,3.51
EIF4A3_202,2XB2,3.51
EIF4A3_202,2J0Q,3.73
EIF4A3_272,6YVH,2.97
EIF4E2_78,5NVN,2.18
EIF4E2_78,5NVK,2.23
EIF4E2_78,5NVL,2.68
EIF4E_34,4TPW,1.9
EIF4E_34,5T46,1.91
EIF4E_34,5ZK7,3.41
EIF4E_34,2V8W,4.25
EIF4E_34,3TF2,5.53
ELAVL1_109,4ED5,3.31
ELL2_586,5JW9,5.82
ELOC_18,8FVI,2.85
ELOC_18,8OL1,4.65
ELOC_76,2IZV,2.39
ELOC_76,9D8P,2.61
ELOC_76,3DCG,2.64
ELOC_76,8WQF,3.24
ELOC_76,8R5H,4.28
ELOC_76,6BVB,4.75
ELOC_76,6I7R,4.84
ELOC_76,4AJY,4.96
ELOC_76,6GMR,5.06
ELOC_76,1LQB,5.09
ELOC_76,1LM8,5.41
ELOC_76,6GFX,5.45
ELOC_76,3ZKJ,5.6
ELOC_79,4B95,3.29
ELOC_79,7M6T,3.65
ELOC_79,8Y1U,3.72
ELOC_79,8ZV8,3.77
ELOC_79,9D1I,5.81
ELOC_79,8WQB,5.96
ELOC_8,8JAL,3.05
ELOC_8,8CX1,3.23
ELOC_8,6P59,3.37
ELOC_8,8CX2,3.44
ELOC_8,8G1P,3.74
ELOC_8,1VCB,3.86
ELOC_8,8C13,4.17
ELOC_8,8QU8,4.55
ELP1_917,8PTX,3.7
ELP2_564,8PTZ,5.9
ELP2_568,8PTX,4.85
EMC10_108,7ADO,3.02
EMC10_108,6WW7,3.08
EMC10_108,8J0N,3.15
EMC10_108,8J0O,3.18
EMC10_108,8EOI,3.88
EMC2_103,7ADO,4.48
EMC2_110,6WW7,2.15
EMC2_110,8J0N,2.37
EMC2_110,8EOI,2.43
EMC2_110,8J0O,5.46
EMC2_200,6Y4L,2.69
EMC8_11,8J0N,3.06
EMC8_11,7ADO,3.21
EMC8_11,8EOI,3.24
EMC8_11,6WW7,4.03
EMC8_11,8J0O,4.47
EMD_19,6GHD,3.39
EMD_59,7NDY,5.88
ENO2_189,2AKZ,2.89
EPHA2_123,6B9L,3.39
EPHA2_130,6NK1,5.56
EPHA2_130,6NK2,5.75
ERBB2_1248,1MFG,3.2
ERBB3_455,7MN8,2.91
ERBB3_455,7MN5,2.98
ERBB3_455,5O4O,3.79
ERCC2_175,6RO4,2.47
ERCC2_175,7AD8,3.03
ERCC2_175,8EBU,3.07
ERCC3_116,8EBU,3.16
ERCC3_116,7AD8,3.37
ERCC3_19,6RO4,2.5
ERCC3_19,7NVV,3.98
ERCC6L_21,5JNO,3.06
ERCC8_350,8QH5,3.0
EREG_98,7LFS,3.55
EREG_98,5WB7,3.6
EREG_98,7LEN,3.73
EREG_98,7LFR,3.96
EREG_98,5E8D,5.11
ERH_19,7CNC,3.37
ERI1_66,1ZBH,3.0
ERI1_66,4L8R,3.09
ERI1_66,4QOZ,3.15
ERP29_202,5V90,5.96
ESPL1_140,7NJ1,4.06
ESRP1_398,7VKI,2.72
ETFA_313,1EFV,3.24
ETFA_313,2A1U,3.27
ETFA_313,2A1T,3.33
ETFB_16,1EFV,2.97
ETFB_16,2A1U,3.32
EXOSC10_350,6D6Q,4.42
EXOSC2_76,6D6Q,3.69
EXOSC6_20,6D6Q,2.22
EXOSC6_20,2NN6,2.95
EXOSC7_110,6D6Q,5.99
EXOSC7_13,2NN6,2.66
EXOSC9_175,6D6Q,3.63
EZH2_726,8VMI,3.05
EZH2_726,8VNV,3.22
EZH2_726,6C24,3.3
EZH2_726,8VML,4.06
EZH2_726,8FYH,4.96
EZH2_726,9C8U,4.96
EZH2_726,9DCH,5.41
F2R_52,3BEF,3.2
F2_583,3P6Z,5.56
F2_583,3P70,5.63
F2_583,4YES,5.66
F2_583,6EO6,5.66
F2_583,6EO7,5.7
F3_66,2EC9,4.83
F3_66,1DAN,4.94
F3_66,8UUD,4.96
F3_66,2C4F,5.03
F3_83,1WQV,5.94
F5_1686,9MOT,5.72
F5_1686,9MOV,5.72
F8A1_114,8SAH,3.24
FAAP100_341,7KZP,2.18
FAM91A1_216,8JJ9,3.83
FARS2_144,3TUP,3.59
FASN_130,9MJ9,5.08
FAS_232,3EWT,3.19
FECH_194,2HRC,5.86
FECH_297,3HCN,2.77
FEN1_268,5KSE,2.45
FEN1_268,5K97,2.67
FEN1_268,5ZOG,2.88
FEN1_268,5UM9,2.92
FEN1_268,3Q8K,3.54
FEN1_268,3Q8L,3.67
FEN1_268,3Q8M,5.29
FEN1_69,5ZOE,3.35
FGF2_248,1CVS,3.69
FGF2_248,1EV2,5.85
FGF2_248,1II4,5.85
FGFR2_155,2FDB,2.51
FGFR2_281,1II4,2.61
FGFR2_281,3OJ2,2.99
FGFR2_281,1E0O,3.17
FGFR2_281,1NUN,3.22
FGFR2_281,1DJS,3.26
FGFR2_281,3OJM,3.31
FGFR2_281,1EV2,4.54
FGFR3_305,7YSU,5.45
FHIT_114,7P8P,2.03
FKBP3_198,5GPG,4.1
FKBP4_111,8FFV,5.0
FKBP4_113,4DRJ,5.58
FKBP4_383,1QZ2,4.65
FKBP5_113,8FFW,2.39
FKBP5_113,7ETT,2.72
FKBP5_113,4DRH,5.92
FKBP5_291,5NJX,3.94
FKBP8_232,5MGX,2.74
FLNA_1938,2BP3,2.84
FLNA_2305,4P3W,5.54
FLNC_2683,8PA0,3.49
FN1_101,3CAL,2.57
FN1_101,2RKZ,2.59
FN1_101,3ZRZ,2.74
FN1_101,4PZ5,2.99
FNTA_100,1LD7,4.81
FNTA_100,1MZC,4.83
FNTA_100,1TN6,4.85
FNTA_100,2IEJ,4.86
FNTA_100,2H6F,4.94
FOXK1_332,8BZM,3.78
FOXO1_165,6LBI,2.48
FOXO1_165,3COA,2.56
FOXO1_165,3CO6,2.81
FOXO1_165,5DUI,2.85
FOXO1_165,4LG0,2.88
FOXO1_165,3CO7,2.99
FOXO3_162,2UZK,3.29
FSCN1_432,7ZAU,3.11
FURIN_167,9FID,5.31
FURIN_495,5JMO,4.15
FXN_95,8RME,3.94
FXN_95,6NZU,4.6
FZD6_128,8JHB,3.07
FZD7_219,8YY8,4.06
FZD7_219,9EW2,4.18
G3BP1_125,5FW5,2.34
G3BP1_125,6TA7,2.44
G3BP1_125,8TH7,3.18
G3BP1_125,8TH1,3.2
G3BP1_125,4FCM,3.28
G3BP1_125,7SUO,3.3
G3BP1_125,7XHG,3.32
G3BP1_125,8TH6,3.74
G3BP1_125,9J5S,4.11
G3BP1_125,7XHF,4.33
GAA_209,8CB1,2.83
GAK_204,5Y7Z,3.76
GALNT2_367,5AJN,2.73
GALNT2_367,6EGS,4.76
GALNT7_455,6IWR,3.92
GCA_153,1K94,3.23
GCSH_84,8V0J,4.93
GET1_124,8CR1,4.59
GET3_302,8CQZ,3.27
GET3_302,8CR1,4.38
GET4_159,6AU8,5.59
GET4_159,7RU9,5.81
GFUS_82,4B8W,3.12
GGCX_425,9BVM,2.71
GGCX_425,9BVR,2.85
GGCX_425,9BVL,2.91
GGCX_425,9BUR,2.93
GGCX_425,9BVP,3.03
GGT1_141,4GDX,3.44
GGT1_141,6XPB,4.95
GGT1_141,4Z9O,5.01
GINS1_124,9E2Z,3.59
GINS1_124,6XTX,5.0
GINS1_79,2E9X,4.51
GMNN_111,2WVR,4.24
GMPS_24,2VXO,2.6
GNA11_128,6OIJ,5.38
GNA11_128,7XXH,5.62
GNA11_325,8QEG,3.54
GNA12_330,7YDJ,5.6
GNA13_145,8H8J,3.23
GNA13_145,7T6B,3.7
GNA13_145,9IY8,3.82
GNA13_308,8KGG,5.25
GNA13_308,9GE2,5.28
GNAI1_146,8IRV,2.44
GNAI1_146,8FY8,2.51
GNAI1_146,8JT6,2.51
GNAI1_146,8IRS,2.54
GNAI1_146,8W8B,2.63
GNAI1_146,7X9C,2.7
GNAI1_146,7Y66,2.7
GNAI1_146,7EW2,2.71
GNAI1_146,7Y64,2.76
GNAI1_146,7VGX,2.77
GNAI1_146,7F4H,2.8
GNAI1_146,8JJP,2.83
GNAI1_146,8K4O,2.88
GNAI1_146,7F4F,2.91
GNAI1_146,7Y67,2.94
GNAI1_146,7F4I,2.96
GNAI1_146,9JFY,2.97
GNAI1_146,7F4D,3.0
GNAI1_146,8HK5,3.09
GNAI1_146,8YN5,3.11
GNAI1_146,7Y65,3.12
GNAI1_146,8K4P,3.13
GNAI1_146,8PJK,3.23
GNAI1_146,8IOC,3.24
GNAI1_146,8P12,3.27
GNAI1_146,8ID3,3.28
GNAI1_146,7X5H,3.3
GNAI1_146,7X9A,3.31
GNAI1_146,9AST,3.31
GNAI1_146,8U4O,3.34
GNAI1_146,7JVR,3.36
GNAI1_146,9IZF,3.36
GNAI1_146,8YYX,3.37
GNAI1_146,8XGM,3.38
GNAI1_146,9CGJ,3.38
GNAI1_146,7VL9,3.4
GNAI1_146,7E2X,3.43
GNAI1_146,7YU3,3.45
GNAI1_146,7EO2,3.48
GNAI1_146,8G94,3.48
GNAI1_146,8F7Q,3.5
GNAI1_146,8YUU,3.5
GNAI1_146,8KFX,3.52
GNAI1_146,8YIC,3.52
GNAI1_146,8F7R,3.59
GNAI1_146,7EZK,3.6
GNAI1_146,8ZCJ,3.62
GNAI1_146,8U4N,3.68
GNAI1_146,7EZH,3.72
GNAI1_146,9K26,3.73
GNAI1_146,8F7S,3.76
GNAI1_146,8K3Z,3.77
GNAI1_146,7EJX,3.84
GNAI1_146,9M1H,4.1
GNAI1_146,8YYW,4.21
GNAI1_146,7XA3,4.3
GNAI1_146,7XTA,4.81
GNAI1_146,6KPF,4.96
GNAI1_146,8KFZ,5.0
GNAI1_146,8XML,5.02
GNAI1_146,7VH0,5.09
GNAI1_146,7WUJ,5.24
GNAI1_146,7YAE,5.29
GNAI1_146,8IRT,5.31
GNAI1_146,7VL8,5.32
GNAI1_146,9IK8,5.38
GNAI1_146,8XXU,5.45
GNAI1_146,8XGU,5.46
GNAI1_146,7WUI,5.48
GNAI1_146,8GUT,5.49
GNAI1_146,8UH3,5.5
GNAI1_146,8J6I,5.53
GNAI1_146,8U4Q,5.53
GNAI1_146,7E33,5.55
GNAI1_146,7XBX,5.57
GNAI1_146,4G5Q,5.58
GNAI1_146,8INR,5.62
GNAI1_146,7F1R,5.64
GNAI1_146,8YH2,5.65
GNAI1_146,7SQO,5.66
GNAI1_146,8IW7,5.68
GNAI1_146,8ZBE,5.71
GNAI1_146,8YH0,5.72
GNAI1_146,8G59,5.74
GNAI1_146,7X9Y,5.75
GNAI1_146,7V68,5.78
GNAI1_146,9BUY,5.78
GNAI1_146,7XMS,5.8
GNAI1_146,8JR9,5.81
GNAI1_146,6LFO,5.82
GNAI1_146,6LFM,5.83
GNAI1_146,7E32,5.83
GNAI1_146,9KPE,5.83
GNAI1_146,8J6L,5.85
GNAI1_146,8WG8,5.85
GNAI1_146,9K1D,5.85
GNAI1_146,8JD3,5.87
GNAI1_146,7XAV,5.89
GNAI1_146,7XK8,5.9
GNAI1_146,7SBF,5.91
GNAI1_146,7T6T,5.91
GNAI1_146,7V9L,5.91
GNAI1_146,8HBD,5.91
GNAI1_146,9IVM,5.91
GNAI1_146,8IOD,5.93
GNAI1_146,8J6P,5.94
GNAI1_146,7NA8,5.96
GNAI1_146,7XK2,5.97
GNAI1_146,8U1U,5.98
GNAI1_154,7WU9,3.09
GNAI1_154,8HSC,3.14
GNAI1_154,8IU2,3.14
GNAI1_154,8Y01,3.24
GNAI1_154,7XMR,3.43
GNAI1_154,8JGG,3.52
GNAI1_154,7XAU,3.74
GNAI1_154,8GDC,3.92
GNAI1_154,8J20,4.55
GNAI1_154,8HQE,4.58
GNAI1_154,9IK9,4.64
GNAI1_154,7WIG,4.73
GNAI1_154,7XAT,4.74
GNAI1_154,7WIC,4.83
GNAI1_154,8XWP,4.96
GNAI1_154,8ZBI,5.08
GNAI1_154,7YAC,5.1
GNAI1_154,7YON,5.15
GNAI1_154,7YKD,5.17
GNAI1_154,7YOO,5.22
GNAI1_154,8K2X,5.47
GNAI1_154,8HNK,5.56
GNAI1_154,8F7X,5.58
GNAI1_154,8HNL,5.69
GNAI1_154,7NA7,5.72
GNAI1_154,8IY5,5.78
GNAI1_154,8SG1,5.78
GNAI1_154,8ZJG,5.94
GNAI1_155,7Y1F,2.33
GNAI1_155,8K4N,2.61
GNAI1_155,8XZJ,2.61
GNAI1_155,8IKG,2.8
GNAI1_155,7Y89,2.95
GNAI1_155,7X2V,2.96
GNAI1_155,7RKM,3.0
GNAI1_155,8J22,3.04
GNAI1_155,6DDE,3.05
GNAI1_155,6OS9,3.07
GNAI1_155,8XZF,3.07
GNAI1_155,8XQN,3.1
GNAI1_155,8Y6W,3.12
GNAI1_155,7VDM,3.14
GNAI1_155,6XBK,3.15
GNAI1_155,7Y12,3.16
GNAI1_155,6KPG,3.17
GNAI1_155,7RKX,3.17
GNAI1_155,8XZI,3.21
GNAI1_155,7YDJ,3.22
GNAI1_155,8YWF,3.26
GNAI1_155,8IZ4,3.28
GNAI1_155,9IZD,3.3
GNAI1_155,8IC0,3.32
GNAI1_155,7SCG,3.35
GNAI1_155,8XZH,3.35
GNAI1_155,7T6V,3.41
GNAI1_155,8HS3,3.47
GNAI1_155,7X9B,3.48
GNAI1_155,8FEG,3.48
GNAI1_155,8X3L,3.49
GNAI1_155,7VDH,3.5
GNAI1_155,7DB6,3.51
GNAI1_155,8JEF,3.56
GNAI1_155,7VUG,3.63
GNAI1_155,8DZP,3.65
GNAI1_155,7VDL,3.68
GNAI1_155,8WRB,3.68
GNAI1_155,7JHJ,3.69
GNAI1_155,7XMT,3.7
GNAI1_155,7S8M,3.81
GNAI1_155,8ZQE,3.82
GNAI1_155,8VY7,3.83
GNAI1_155,7S8O,3.97
GNAI1_155,6PB0,4.04
GNAI1_155,8HN8,4.11
GNAI1_155,8VVE,4.54
GNAI1_167,8XQE,2.38
GNAI1_167,7EXD,2.53
GNAI1_167,8GCM,2.69
GNAI1_167,8XOS,2.73
GNAI1_167,7CMV,2.86
GNAI1_167,7CMU,2.92
GNAI1_167,8Z7J,2.93
GNAI1_167,9ERX,2.93
GNAI1_167,7TUZ,2.94
GNAI1_167,7VLA,2.98
GNAI1_167,8IW4,3.02
GNAI1_167,7DW9,3.05
GNAI1_167,8WC3,3.08
GNAI1_167,8HK2,3.11
GNAI1_167,7TRK,3.14
GNAI1_167,8JLJ,3.15
GNAI1_167,8JEI,3.2
GNAI1_167,8WWK,3.21
GNAI1_167,8JPN,3.23
GNAI1_167,7EW1,3.24
GNAI1_167,8IHB,3.26
GNAI1_167,7T6S,3.28
GNAI1_167,8YKV,3.28
GNAI1_167,8ZWG,3.28
GNAI1_167,8YN9,3.35
GNAI1_167,9JH3,3.36
GNAI1_167,8WWH,3.38
GNAI1_167,8H2G,3.39
GNAI1_167,7E9G,3.41
GNAI1_167,8JLR,3.46
GNAI1_167,8W8R,3.46
GNAI1_167,8IA8,3.49
GNAI1_167,9J0B,3.49
GNAI1_167,8GCP,3.51
GNAI1_167,8XYD,3.53
GNAI1_167,9IPV,3.53
GNAI1_167,7WQ3,3.55
GNAI1_167,8J18,3.55
GNAI1_167,8IHJ,3.57
GNAI1_167,6OMM,3.6
GNAI1_167,7T6U,3.61
GNAI1_167,8I7W,3.63
GNAI1_167,7VFX,3.64
GNAI1_167,8J6J,3.65
GNAI1_167,8HK3,3.69
GNAI1_167,8I7V,3.69
GNAI1_167,8EF5,3.7
GNAI1_167,8WC6,3.7
GNAI1_167,7EUO,3.76
GNAI1_167,8IW9,3.76
GNAI1_167,8EF6,3.8
GNAI1_167,8XOR,3.84
GNAI1_167,8XQF,3.88
GNAI1_167,7W0P,3.94
GNAI1_167,7T2G,5.01
GNAI1_167,6DDF,5.5
GNAI1_167,6OSA,5.61
GNAI1_167,7U2K,5.71
GNAI1_167,7O7F,5.9
GNAI1_296,9L3W,5.42
GNAI1_296,7F1Q,5.58
GNAI1_296,8G05,5.76
GNAI1_61,8JGB,3.51
GNAI1_61,6PB1,3.63
GNAI1_61,7VAB,3.75
GNAI1_61,8JIS,3.81
GNAI1_61,8YUT,3.89
GNAI1_61,8JIR,3.97
GNAI1_61,8JIP,4.25
GNAI1_61,8J24,4.54
GNAI1_61,7WVU,5.93
GNAI1_74,8H4I,5.15
GNAI1_74,1KJY,5.36
GNAI1_74,2XNS,5.49
GNAI1_74,3ONW,5.53
GNAI1_74,2OM2,5.97
GNAI2_147,8K6O,3.37
GNAI2_147,7YK6,3.69
GNAI2_147,7YJ4,4.4
GNAI2_147,8K6N,5.08
GNAI2_147,8K6M,5.4
GNAI2_155,7F8V,2.57
GNAI2_155,9K6L,2.68
GNAI2_155,7WV9,3.53
GNAI2_155,8Y45,4.73
GNAI2_168,7WVX,5.57
GNAI2_168,7WVY,5.82
GNAI2_168,7WVW,5.9
GNAI2_321,7XXI,3.45
GNAI2_321,7LD3,5.4
GNAI2_61,8ZSP,4.1
GNAI3_146,4G5O,5.54
GNAI3_146,8JD6,5.65
GNAI3_146,8K9L,5.84
GNAI3_146,8SZH,5.89
GNAI3_154,8YK0,3.38
GNAI3_154,7T10,4.47
GNAI3_154,7T11,4.98
GNAQ_128,8Y52,4.37
GNAQ_128,8IYS,4.51
GNAQ_128,7EZM,4.93
GNAQ_128,7W3Z,5.74
GNAQ_128,8IA7,5.96
GNAQ_145,9K27,2.82
GNAQ_145,7F8W,2.98
GNAQ_145,7XOW,3.07
GNAQ_145,7F6I,3.11
GNAQ_145,8XGO,3.15
GNAQ_145,7W40,3.27
GNAQ_145,8JPB,3.27
GNAQ_145,8XGS,3.27
GNAQ_145,7F6H,3.39
GNAQ_145,8Y51,3.65
GNAQ_145,8ZJD,4.89
GNAQ_145,8ZJE,5.59
GNAQ_172,7F6G,4.32
GNAQ_172,6VU5,5.12
GNB1_145,9IK8,1.61
GNB1_145,8IRU,1.73
GNB1_145,7UTZ,1.75
GNB1_145,8UYQ,1.76
GNB1_145,8G2Y,1.78
GNB1_145,9BHL,1.84
GNB1_145,7XW6,1.86
GNB1_145,8U8F,1.87
GNB1_145,8IRT,1.99
GNB1_145,8IRV,2.01
GNB1_145,8IRS,2.04
GNB1_145,8ZRK,2.06
GNB1_145,7T9N,2.09
GNB1_145,8K4N,2.14
GNB1_145,8JT6,2.16
GNB1_145,7TYO,2.18
GNB1_145,7XTA,2.19
GNB1_145,8I2G,2.21
GNB1_145,7T9I,2.27
GNB1_145,9BIP,2.28
GNB1_145,7WKD,2.3
GNB1_145,9EE8,2.31
GNB1_145,7XT9,2.37
GNB1_145,6OS9,2.39
GNB1_145,7XBW,2.39
GNB1_145,8U26,2.43
GNB1_145,9BI6,2.45
GNB1_145,8X8L,2.47
GNB1_145,8ZR5,2.48
GNB1_145,7TYH,2.49
GNB1_145,9BHM,2.49
GNB1_145,8X79,2.51
GNB1_145,7XTC,2.53
GNB1_145,8Z68,2.54
GNB1_145,7CKY,2.56
GNB1_145,9LYC,2.56
GNB1_145,8HMP,2.59
GNB1_145,8JD3,2.59
GNB1_145,8F76,2.6
GNB1_145,8UHB,2.61
GNB1_145,7F4H,2.62
GNB1_145,8J6I,2.62
GNB1_145,8YY8,2.64
GNB1_145,7DFL,2.65
GNB1_145,8JPP,2.65
GNB1_145,7F4I,2.66
GNB1_145,9EW2,2.67
GNB1_145,8K8J,2.68
GNB1_145,9KPE,2.68
GNB1_145,7F4F,2.69
GNB1_145,7XBX,2.69
GNB1_145,7XZ5,2.69
GNB1_145,8FY8,2.7
GNB1_145,6XOX,2.71
GNB1_145,7CKW,2.71
GNB1_145,6OSA,2.73
GNB1_145,7WU2,2.74
GNB1_145,8S2T,2.74
GNB1_145,7RGP,2.75
GNB1_145,7WU3,2.75
GNB1_145,7XT8,2.76
GNB1_145,8WJX,2.76
GNB1_145,7F9Z,2.77
GNB1_145,7F4D,2.8
GNB1_145,9IPV,2.8
GNB1_145,7RBT,2.81
GNB1_145,8J6P,2.82
GNB1_145,9K27,2.82
GNB1_145,8PM2,2.84
GNB1_145,8XZJ,2.84
GNB1_145,8Z3M,2.84
GNB1_145,8X7A,2.86
GNB1_145,7LLY,2.87
GNB1_145,8XYD,2.87
GNB1_145,9GYO,2.87
GNB1_145,6WHC,2.88
GNB1_145,7E33,2.88
GNB1_145,9LYB,2.88
GNB1_145,8YW4,2.89
GNB1_145,7RG9,2.9
GNB1_145,8XZI,2.9
GNB1_145,9BUY,2.9
GNB1_145,8PJK,2.91
GNB1_145,9B5Y,2.91
GNB1_145,7CRH,2.92
GNB1_145,7TYF,2.92
GNB1_145,8WOG,2.92
GNB1_145,9J0F,2.92
GNB1_145,7RA3,2.93
GNB1_145,8F0K,2.93
GNB1_145,7T2G,2.94
GNB1_145,8ZCF,2.94
GNB1_145,7XW5,2.95
GNB1_145,7F54,2.96
GNB1_145,7F55,2.96
GNB1_145,7F58,2.96
GNB1_145,7X5H,2.96
GNB1_145,8JHI,2.96
GNB1_145,6M1I,2.97
GNB1_145,7TZF,2.97
GNB1_145,7EZM,2.98
GNB1_145,7F8W,2.98
GNB1_145,8X2K,2.98
GNB1_145,9JFV,2.98
GNB1_145,8INR,2.99
GNB1_145,8SZH,2.99
GNB1_145,7WVU,3.0
GNB1_145,8UGY,3.0
GNB1_145,8XQP,3.0
GNB1_145,7KH0,3.01
GNB1_145,8FLU,3.01
GNB1_145,8IA2,3.01
GNB1_145,8YN3,3.01
GNB1_145,7F53,3.02
GNB1_145,7XK2,3.02
GNB1_145,7XK8,3.02
GNB1_145,8G94,3.02
GNB1_145,8YKY,3.02
GNB1_145,8DZQ,3.03
GNB1_145,8UH3,3.03
GNB1_145,7CX2,3.04
GNB1_145,9IZF,3.04
GNB1_145,9K6L,3.04
GNB1_145,6WPW,3.05
GNB1_145,7VL8,3.05
GNB1_145,8K4O,3.05
GNB1_145,8ZCE,3.05
GNB1_145,7F1Q,3.06
GNB1_145,7F1R,3.06
GNB1_145,8GUT,3.06
GNB1_145,6OMM,3.07
GNB1_145,6VCB,3.07
GNB1_145,6WZG,3.07
GNB1_145,7F9Y,3.07
GNB1_145,7W6P,3.07
GNB1_145,7XOW,3.07
GNB1_145,8HNL,3.07
GNB1_145,8U4N,3.07
GNB1_145,9ERX,3.07
GNB1_145,9L3W,3.07
GNB1_145,7P00,3.08
GNB1_145,7VGX,3.08
GNB1_145,8F0J,3.08
GNB1_145,8FLQ,3.08
GNB1_145,8KGK,3.08
GNB1_145,8XVE,3.08
GNB1_145,9BTW,3.08
GNB1_145,7YFC,3.09
GNB1_145,8FLR,3.09
GNB1_145,8IBV,3.09
GNB1_145,8KFZ,3.09
GNB1_145,8Z7J,3.09
GNB1_145,7EXD,3.1
GNB1_145,7Y66,3.1
GNB1_145,8IA7,3.1
GNB1_145,8JEI,3.1
GNB1_145,8K4P,3.1
GNB1_145,8YW5,3.1
GNB1_145,7E32,3.11
GNB1_145,7F6I,3.11
GNB1_145,8IOC,3.11
GNB1_145,8JPN,3.11
GNB1_145,8VVE,3.11
GNB1_145,8WWH,3.11
GNB1_145,6UUS,3.12
GNB1_145,7VUG,3.12
GNB1_145,8UXV,3.12
GNB1_145,8Y6W,3.12
GNB1_145,6UUN,3.13
GNB1_145,7TYX,3.13
GNB1_145,7X9C,3.13
GNB1_145,8DZP,3.13
GNB1_145,8IUL,3.13
GNB1_145,8YN9,3.13
GNB1_145,6ORV,3.14
GNB1_145,7S1M,3.14
GNB1_145,7SCG,3.14
GNB1_145,7YKD,3.14
GNB1_145,8TYW,3.14
GNB1_145,8XOG,3.14
GNB1_145,8XZF,3.14
GNB1_145,8ZF9,3.14
GNB1_145,8ZQE,3.14
GNB1_145,9EBO,3.14
GNB1_145,7F8V,3.15
GNB1_145,7TRK,3.15
GNB1_145,8WC6,3.15
GNB1_145,8XGO,3.15
GNB1_145,8XZH,3.15
GNB1_145,8YN5,3.15
GNB1_145,9BP3,3.15
GNB1_145,9JH5,3.15
GNB1_145,7RKX,3.16
GNB1_145,7WVY,3.16
GNB1_145,8E3X,3.16
GNB1_145,8IZB,3.16
GNB1_145,8JLR,3.16
GNB1_145,8K3Z,3.16
GNB1_145,8W8Q,3.16
GNB1_145,8YN7,3.16
GNB1_145,9AST,3.16
GNB1_145,7E9G,3.17
GNB1_145,7EZK,3.17
GNB1_145,7TYL,3.17
GNB1_145,7TYY,3.17
GNB1_145,7VUI,3.17
GNB1_145,8F2A,3.17
GNB1_145,8XQE,3.17
GNB1_145,9BUB,3.17
GNB1_145,7JHJ,3.18
GNB1_145,7XKE,3.18
GNB1_145,8HBD,3.18
GNB1_145,8IW4,3.18
GNB1_145,8W8B,3.18
GNB1_145,8WRB,3.18
GNB1_145,8XOF,3.18
GNB1_145,7EPT,3.19
GNB1_145,7S3I,3.19
GNB1_145,7VLA,3.19
GNB1_145,7XKD,3.19
GNB1_145,7Y67,3.19
GNB1_145,8KFX,3.19
GNB1_145,8YYX,3.19
GNB1_145,9AUC,3.19
GNB1_145,9J0B,3.19
GNB1_145,9K26,3.19
GNB1_145,7F1O,3.2
GNB1_145,7RTB,3.2
GNB1_145,8GD9,3.2
GNB1_145,8H2G,3.2
GNB1_145,8JER,3.2
GNB1_145,8XQN,3.2
GNB1_145,8YUT,3.2
GNB1_145,9BLB,3.2
GNB1_145,6P9X,3.21
GNB1_145,6UVA,3.21
GNB1_145,7VFX,3.21
GNB1_145,7XXH,3.21
GNB1_145,8HPT,3.21
GNB1_145,8IW7,3.21
GNB1_145,8JD6,3.21
GNB1_145,8XIR,3.21
GNB1_145,9IXX,3.21
GNB1_145,7CMV,3.22
GNB1_145,7KI0,3.22
GNB1_145,7TYN,3.22
GNB1_145,7WUQ,3.22
GNB1_145,7WY0,3.22
GNB1_145,7XMR,3.22
GNB1_145,7Y24,3.22
GNB1_145,7YOO,3.22
GNB1_145,8DZR,3.22
GNB1_145,8J6L,3.22
GNB1_145,8WC3,3.22
GNB1_145,8Z5H,3.22
GNB1_145,9BLW,3.22
GNB1_145,6NIY,3.23
GNB1_145,7JVR,3.23
GNB1_145,7LCI,3.23
GNB1_145,7SBF,3.23
GNB1_145,7TYW,3.23
GNB1_145,7W2Z,3.23
GNB1_145,8DZS,3.23
GNB1_145,8F2B,3.23
GNB1_145,8FLT,3.23
GNB1_145,8H8J,3.23
GNB1_145,8HTI,3.23
GNB1_145,8IKG,3.23
GNB1_145,8IW1,3.23
GNB1_145,8JLJ,3.23
GNB1_145,8SMV,3.23
GNB1_145,8X3L,3.23
GNB1_145,8XXU,3.23
GNB1_145,8Z3Q,3.23
GNB1_145,9IVG,3.23
GNB1_145,7X9A,3.24
GNB1_145,7XMS,3.24
GNB1_145,8I95,3.24
GNB1_145,8U1U,3.24
GNB1_145,7D7M,3.25
GNB1_145,7EO2,3.25
GNB1_145,7RKM,3.25
GNB1_145,7TUZ,3.25
GNB1_145,7VDM,3.25
GNB1_145,7WVW,3.25
GNB1_145,7Y64,3.25
GNB1_145,8IZ4,3.25
GNB1_145,8K9K,3.25
GNB1_145,8W87,3.25
GNB1_145,7VUH,3.26
GNB1_145,7XOU,3.26
GNB1_145,7XTB,3.26
GNB1_145,8HIX,3.26
GNB1_145,8I7V,3.26
GNB1_145,8ID3,3.26
GNB1_145,8IOD,3.26
GNB1_145,8JR9,3.26
GNB1_145,8YUU,3.26
GNB1_145,9K1D,3.26
GNB1_145,6KPF,3.27
GNB1_145,7NA7,3.27
GNB1_145,7TYI,3.27
GNB1_145,7VL9,3.27
GNB1_145,7W0P,3.27
GNB1_145,7W40,3.27
GNB1_145,7WUJ,3.27
GNB1_145,7WVV,3.27
GNB1_145,7XMT,3.27
GNB1_145,7XXI,3.27
GNB1_145,8JJP,3.27
GNB1_145,8TZQ,3.27
GNB1_145,8UY0,3.27
GNB1_145,8XGS,3.27
GNB1_145,9K1C,3.27
GNB1_145,7S8M,3.28
GNB1_145,7VDL,3.28
GNB1_145,7WV9,3.28
GNB1_145,7Y1F,3.28
GNB1_145,7Y65,3.28
GNB1_145,8J6D,3.28
GNB1_145,6PB0,3.29
GNB1_145,6XBK,3.29
GNB1_145,7YAC,3.29
GNB1_145,8FLS,3.29
GNB1_145,8I97,3.29
GNB1_145,7LD3,3.3
GNB1_145,7RMG,3.3
GNB1_145,7RMI,3.3
GNB1_145,7VDH,3.3
GNB1_145,7WVX,3.3
GNB1_145,7WY5,3.3
GNB1_145,7YP7,3.3
GNB1_145,8IYH,3.3
GNB1_145,8J9N,3.3
GNB1_145,8JGB,3.3
GNB1_145,8JHB,3.3
GNB1_145,8JSR,3.3
GNB1_145,8WC9,3.3
GNB1_145,9IV1,3.3
GNB1_145,6KPG,3.31
GNB1_145,7EJ0,3.31
GNB1_145,7X9B,3.31
GNB1_145,7XY6,3.31
GNB1_145,7YON,3.31
GNB1_145,8VY7,3.31
GNB1_145,8VY9,3.31
GNB1_145,6PB1,3.32
GNB1_145,7CFM,3.32
GNB1_145,7EJX,3.32
GNB1_145,7EW1,3.32
GNB1_145,8E3Z,3.32
GNB1_145,8J6J,3.32
GNB1_145,9CGJ,3.32
GNB1_145,6LFO,3.33
GNB1_145,7CMU,3.33
GNB1_145,8G59,3.33
GNB1_145,8Y01,3.33
GNB1_145,9IJ9,3.33
GNB1_145,7F1S,3.34
GNB1_145,7U2K,3.34
GNB1_145,8KH5,3.34
GNB1_145,8XML,3.34
GNB1_145,8XQF,3.34
GNB1_145,8XWV,3.34
GNB1_145,9BKJ,3.34
GNB1_145,6LFM,3.35
GNB1_145,7F0T,3.35
GNB1_145,7F1Z,3.35
GNB1_145,7NA8,3.35
GNB1_145,8JXT,3.35
GNB1_145,8WW2,3.35
GNB1_145,8WWK,3.35
GNB1_145,9BQ3,3.35
GNB1_145,9ITB,3.35
GNB1_145,7QVM,3.36
GNB1_145,8GCP,3.36
GNB1_145,8HN8,3.36
GNB1_145,8JZP,3.36
GNB1_145,8SG1,3.36
GNB1_145,6DDF,3.37
GNB1_145,8HQE,3.37
GNB1_145,8I9L,3.37
GNB1_145,8IUK,3.37
GNB1_145,8XVH,3.37
GNB1_145,8ZBJ,3.37
GNB1_145,7P02,3.38
GNB1_145,8IQ4,3.38
GNB1_145,8ITF,3.38
GNB1_145,8IU2,3.38
GNB1_145,8IY9,3.38
GNB1_145,8YYW,3.38
GNB1_145,8ZJG,3.38
GNB1_145,6E3Y,3.39
GNB1_145,7F6H,3.39
GNB1_145,7WYB,3.39
GNB1_145,8FEG,3.39
GNB1_145,8HNK,3.39
GNB1_145,8XX6,3.39
GNB1_145,8XX7,3.39
GNB1_145,8XXH,3.39
GNB1_145,9JFY,3.39
GNB1_145,6OIJ,3.4
GNB1_145,7V68,3.4
GNB1_145,8QJ2,3.4
GNB1_145,8XX3,3.4
GNB1_145,8Y62,3.4
GNB1_145,9J31,3.4
GNB1_145,9M1H,3.4
GNB1_145,7RMH,3.41
GNB1_145,7XJJ,3.41
GNB1_145,8J20,3.41
GNB1_145,8XXR,3.41
GNB1_145,8XXX,3.41
GNB1_145,9IK9,3.41
GNB1_145,7XOV,3.42
GNB1_145,8GDC,3.42
GNB1_145,8YIC,3.42
GNB1_145,6DDE,3.43
GNB1_145,7WU4,3.43
GNB1_145,8H0Q,3.43
GNB1_145,8H4I,3.44
GNB1_145,8XVI,3.44
GNB1_145,8ZBI,3.44
GNB1_145,8HMV,3.45
GNB1_145,8JGG,3.45
GNB1_145,8XGM,3.45
GNB1_145,7T10,3.46
GNB1_145,7XV3,3.46
GNB1_145,7YDM,3.46
GNB1_145,8G05,3.46
GNB1_145,8H4K,3.46
GNB1_145,8JEF,3.46
GNB1_145,9BKK,3.46
GNB1_145,8IA8,3.47
GNB1_145,8Y52,3.47
GNB1_145,7EZH,3.48
GNB1_145,7L1V,3.48
GNB1_145,7RYC,3.48
GNB1_145,7WXW,3.48
GNB1_145,7WY8,3.48
GNB1_145,7WZ7,3.48
GNB1_145,7Y3G,3.48
GNB1_145,8K9L,3.48
GNB1_145,8U4O,3.48
GNB1_145,8W8R,3.48
GNB1_145,7WXU,3.49
GNB1_145,7Y89,3.49
GNB1_145,8K6M,3.49
GNB1_145,8K6N,3.49
GNB1_145,8KH4,3.5
GNB1_145,7EW2,3.51
GNB1_145,8HSC,3.51
GNB1_145,8JLP,3.51
GNB1_145,8U4Q,3.51
GNB1_145,8UXY,3.51
GNB1_145,8WSS,3.51
GNB1_145,8HS3,3.52
GNB1_145,7L1U,3.53
GNB1_145,7T8X,3.53
GNB1_145,7EUO,3.54
GNB1_145,8IC0,3.54
GNB1_145,8J18,3.54
GNB1_145,8K2X,3.54
GNB1_145,7T11,3.55
GNB1_145,8ZPS,3.55
GNB1_145,9D4Z,3.55
GNB1_145,6B3J,3.56
GNB1_145,7D76,3.56
GNB1_145,7D77,3.56
GNB1_145,8K6O,3.56
GNB1_145,6VN7,3.57
GNB1_145,8XGU,3.57
GNB1_145,7S8O,3.58
GNB1_145,7MTS,3.6
GNB1_145,8Y53,3.6
GNB1_145,9JH3,3.6
GNB1_145,8XZG,3.61
GNB1_145,9IZD,3.61
GNB1_145,7E2X,3.63
GNB1_145,7T90,3.63
GNB1_145,7VKT,3.63
GNB1_145,7YK6,3.63
GNB1_145,8IYW,3.63
GNB1_145,8Y51,3.65
GNB1_145,8ZVZ,3.65
GNB1_145,9JMC,3.65
GNB1_145,7EB2,3.66
GNB1_145,8ZFZ,3.68
GNB1_145,8XXZ,3.69
GNB1_145,8ZMD,3.69
GNB1_145,7T6B,3.7
GNB1_145,7YAE,3.71
GNB1_145,7X2V,3.72
GNB1_145,8H0P,3.74
GNB1_145,7XA3,3.75
GNB1_145,8XIQ,3.75
GNB1_145,7W55,3.77
GNB1_145,7YDP,3.81
GNB1_145,7W57,3.82
GNB1_145,9IY8,3.82
GNB1_145,6LI3,3.83
GNB1_145,8JLZ,3.83
GNB1_145,8XIO,3.83
GNB1_145,8GCM,3.85
GNB1_145,9D0A,3.86
GNB1_145,7X10,3.87
GNB1_145,8HCQ,3.88
GNB1_145,7DB6,3.9
GNB1_145,8X8N,3.94
GNB1_145,9E7R,4.03
GNB1_145,8Y45,4.04
GNB1_145,8YW3,4.09
GNB1_145,7X2C,4.11
GNB1_145,8I7W,4.12
GNB1_145,6X18,4.13
GNB1_145,8JGF,4.14
GNB1_145,7YDJ,4.15
GNB1_145,8YWF,4.28
GNB1_145,7KI1,4.36
GNB1_145,8XWP,4.4
GNB1_145,8GDZ,4.44
GNB1_145,7X9Y,4.61
GNB1_145,8XIP,4.74
GNB1_145,8ZJD,4.89
GNB1_145,8ZPT,4.89
GNB1_145,7W53,5.06
GNB1_145,7W56,5.3
GNB1_145,8ZJE,5.59
GNB1_264,8GY7,3.15
GNB1_264,8POK,3.23
GNB1_264,7XBD,3.38
GNB1_264,7XJK,3.44
GNB1_264,7AUE,3.66
GNB1_264,7WCM,3.71
GNB1_264,8FN1,3.88
GNB1_264,8E9W,3.99
GNB1_264,7XJL,4.01
GNB1_264,8HCX,4.02
GNB1_264,6X19,4.04
GNB1_264,8FMZ,4.17
GNB1_264,9GE2,4.26
GNB1_264,8FN0,4.58
GNB1_264,8UWL,5.86
GNB1_264,7RAN,5.98
GNB1_289,7TMW,3.74
GNB1_289,8ZME,4.43
GNB1_289,9JHP,5.19
GNB1_289,8WST,5.38
GNB1_289,8IRR,5.66
GNB1_59,8T3V,2.75
GNB1_59,8WPU,2.75
GNB1_59,8K4S,2.82
GNB1_59,8T3S,2.89
GNB1_59,9DQH,2.89
GNB1_59,8IEC,2.91
GNB1_59,8IED,2.91
GNB1_59,8V6U,2.91
GNB1_59,8J24,2.97
GNB1_59,8ZX4,3.04
GNB1_59,8XJN,3.06
GNB1_59,8YRG,3.1
GNB1_59,8DWH,3.14
GNB1_59,7SR8,3.15
GNB1_59,8YN4,3.16
GNB1_59,9ASB,3.17
GNB1_59,9DQJ,3.17
GNB1_59,8DWC,3.18
GNB1_59,8XJK,3.21
GNB1_59,8THK,3.23
GNB1_59,7WU9,3.24
GNB1_59,9ARY,3.25
GNB1_59,8YN2,3.27
GNB1_59,9IZG,3.27
GNB1_59,6WHA,3.36
GNB1_59,8E9X,3.38
GNB1_59,8DPI,3.42
GNB1_59,8T3O,3.45
GNB1_59,9AXF,3.45
GNB1_59,7S8P,3.46
GNB1_59,7S8N,3.51
GNB1_59,8DPF,3.57
GNB1_59,7UM5,3.59
GNB1_59,7S8L,3.6
GNB1_59,8U02,3.64
GNB1_59,8IKL,3.91
GNB1_59,7SRR,3.95
GNB1_59,7Y27,3.95
GNB1_59,7SF8,3.96
GNB1_59,9IZH,4.1
GNB1_59,7SF7,4.15
GNB1_59,8KGG,4.18
GNB1_59,9ITE,4.19
GNB1_59,7Y26,4.29
GNB1_59,8HJ5,4.29
GNB1_59,7YDH,4.9
GNB1_59,8J22,5.02
GNB1_59,8RQL,5.17
GNB1_85,9IIX,2.61
GNB1_85,7XP5,3.21
GNB1_85,8JKB,3.24
GNB1_85,8ZSJ,3.31
GNB1_85,8EIT,3.33
GNB1_85,8QEG,3.36
GNB1_85,6EG8,3.38
GNB1_85,8XQL,3.39
GNB1_85,9KPD,3.42
GNB1_85,8TB0,3.44
GNB1_85,8UQO,3.44
GNB1_85,6CRK,3.47
GNB1_85,7XP4,3.48
GNB1_85,8EMW,3.48
GNB1_85,4PNK,3.5
GNB1_85,7W3Z,3.51
GNB1_85,8HDO,3.52
GNB1_85,7JVQ,3.56
GNB1_85,4KFM,3.58
GNB1_85,9NOX,3.6
GNB1_85,9O38,3.6
GNB1_85,7F6G,3.62
GNB1_85,7YS6,5.75
GOLGA2_989,4REY,2.06
GOLGA4_2177,1R4A,2.75
GOLGA4_2177,1UPT,2.75
GPSM2_146,3SF4,3.14
GPSM2_146,4WNE,3.34
GPSM2_146,4WND,3.48
GPX4_180,5H5S,4.2
GRB2_160,3N84,3.33
GRB2_209,1GCQ,2.69
GRB7_480,5TYI,3.01
GRB7_480,5U06,3.17
GRB7_480,5EEL,3.18
GRB7_480,7MP3,3.2
GRB7_480,5U1Q,3.24
GRB7_480,5EEQ,3.27
GRB7_480,5D0J,3.3
GRB7_480,4X6S,3.32
GRB7_480,3PQZ,3.35
GRK2_553,3CIK,3.47
GRK2_553,3V5W,3.78
GRSF1_221,4QU6,2.53
GRSF1_468,4QU7,2.5
GSK3A_351,7SXF,3.33
GTF2A1_339,1NVP,2.72
GTF2A1_339,7ZWC,3.07
GTF2B_27,7ZWC,2.59
GTF2E1_405,7NVV,3.66
GTF2H1_207,8EBU,2.42
GTF2H1_207,7AD8,4.63
GTF2H2_15,8EBU,2.75
GTF2H3_143,8EBU,4.46
GTF3C1_1333,8CLK,5.18
GTF3C1_294,8CLJ,3.66
GTF3C1_294,8CLI,4.26
GYS1_144,7ZBN,2.08
GYS1_144,7Q0B,3.25
GYS1_144,8Z0A,3.5
H1-0_28,7K5X,3.87
H2BC12_38,2CV5,2.84
H2BC12_38,8X7K,3.52
H2BC12_38,8X7J,3.54
H2BC12_38,6KE9,3.58
H2BC12_38,6LE9,3.58
H2BC12_38,6L9H,3.59
H2BC12_38,8HR1,3.86
H2BC12_38,8HQY,3.98
H2BC12_41,8Q36,3.16
H2BC12_41,8Q3E,3.29
H2BC12_41,8Q3X,5.44
H2BC12_41,8Q3M,5.5
H2BC12_43,8YV8,4.68
H3-3A_100,4H9S,2.41
H3-3A_100,5B32,2.49
H3-3A_100,5B33,2.61
H3-3A_100,3AV2,2.77
H3-3A_100,9EOZ,2.77
H3-3A_100,3WTP,2.78
H3-3A_100,5X7X,2.8
H3-3A_100,4H9N,3.32
H3-3A_100,5KDM,3.43
H3-3A_100,7CIZ,3.65
H3-3A_100,5BNV,3.66
H3-3A_100,7CJ0,4.88
H3C1_100,8VLR,1.86
H3C1_100,3X1V,2.23
H3C1_100,3X1U,2.35
H3C1_100,3X1S,2.38
H3C1_100,6KVD,2.4
H3C1_100,3WAA,2.43
H3C1_100,3X1T,2.45
H3C1_100,5GT0,2.45
H3C1_100,3WA9,2.51
H3C1_100,6V2K,2.53
H3C1_100,5GSU,2.55
H3C1_100,5B31,2.58
H3C1_100,5GT3,2.6
H3C1_100,3W96,2.62
H3C1_100,2CV5,2.71
H3C1_100,8XBW,2.73
H3C1_100,3AFA,2.75
H3C1_100,5GTC,2.8
H3C1_100,3WKJ,2.84
H3C1_100,5Y0C,2.84
H3C1_100,7K5X,3.01
H3C1_100,7LYB,3.15
H3C1_100,7Y5W,3.29
H3C1_100,8OOS,3.59
H3C1_100,8OOA,3.6
H3C1_100,8IQG,3.68
H3C1_100,4Z2M,3.69
H3C1_100,8KCY,3.75
H3C1_100,8IEJ,4.98
H3C1_100,9FH9,5.86
H3C1_100,6T90,5.91
H3C1_42,5Z23,2.27
H3C1_42,6M4G,2.39
H3C1_42,7Y7I,2.64
H3C1_42,8JCC,3.02
H3C1_42,8WG5,3.02
H3C1_42,5T1I,3.11
H3C1_42,8YBK,3.12
H3C1_42,8H1T,3.45
H3C1_42,8OTS,3.47
H3C1_42,8VG1,3.55
H3C1_42,8OTT,3.72
H3C1_42,8VG2,4.03
H3C1_42,8VFY,4.35
H3C1_42,7E8D,4.79
H3C1_42,5V21,5.79
H4C1_52,8VLR,1.97
H4C1_52,4H9S,2.2
H4C1_52,5GSU,2.48
H4C1_52,8OOS,2.48
H4C1_52,5B32,2.5
H4C1_52,7E8D,2.55
H4C1_52,5KDM,2.62
H4C1_52,6KVD,2.67
H4C1_52,3W96,2.69
H4C1_52,6V2K,2.71
H4C1_52,5B0Y,2.72
H4C1_52,3AFA,2.73
H4C1_52,7PII,2.73
H4C1_52,3AV1,2.75
H4C1_52,7Y7I,2.75
H4C1_52,8OOA,2.75
H4C1_52,3WKJ,2.76
H4C1_52,5GT3,2.76
H4C1_52,8VOB,2.76
H4C1_52,3AV2,2.77
H4C1_52,8XBW,2.77
H4C1_52,9EOZ,2.77
H4C1_52,3R45,2.78
H4C1_52,3WA9,2.79
H4C1_52,5GXQ,2.79
H4C1_52,8VMN,2.79
H4C1_52,7YRD,2.8
H4C1_52,4H9N,2.82
H4C1_52,5X7X,2.82
H4C1_52,5GTC,2.83
H4C1_52,3WAA,2.85
H4C1_52,3WTP,2.86
H4C1_52,3A6N,2.87
H4C1_52,4Z5T,2.87
H4C1_52,5B31,2.87
H4C1_52,5B33,2.88
H4C1_52,6MUP,2.88
H4C1_52,8H1T,2.88
H4C1_52,3X1T,2.91
H4C1_52,2CV5,2.95
H4C1_52,3X1U,2.96
H4C1_52,5AY8,3.05
H4C1_52,5Z23,3.1
H4C1_52,3X1V,3.12
H4C1_52,3X1S,3.22
H4C1_52,8IQG,3.34
H4C1_52,7U0G,3.51
H4C1_52,7CIZ,3.62
H4C1_52,5GT0,3.81
H4C1_52,5JA4,4.61
H4C1_52,7R5R,4.61
H4C1_52,8VG0,4.64
H4C1_52,4Z2M,5.04
H4C1_52,8SPS,5.26
H4C1_52,8VG1,5.29
H4C1_52,9DWF,5.61
H4C1_52,7CJ0,5.79
H4C1_52,5BNX,5.84
H4C1_52,8OL1,5.84
H4C1_52,5BO0,5.92
H4C1_52,7Y5W,5.97
H4C1_73,7UV9,2.45
H4C1_73,7TAN,2.64
H4C1_73,5B2I,2.8
H4C1_73,8OX0,2.86
H4C1_73,8WG5,3.09
H4C1_73,8OX1,3.21
H4C1_73,7D1Z,3.83
H4C1_73,7VCQ,4.54
H4C1_73,8JCC,4.74
H4C1_73,6L9H,5.7
H4C1_73,6LE9,5.72
H4C1_73,7D20,5.85
H4C1_73,6KE9,5.86
H4C1_73,7U46,5.86
H4C1_73,8Q3X,5.98
H4C1_89,6SE6,2.83
H4C1_89,8GRM,2.95
H4C1_89,8Q3E,3.04
H4C1_89,8OFF,3.06
H4C1_89,8QZM,3.09
H4C1_89,8Q36,3.25
H4C1_89,9L1X,4.15
H4C1_89,8OTS,5.01
H4C1_89,6SEG,5.32
H4C1_89,6X59,5.35
H4C1_89,7SCZ,5.63
H4C1_89,5AV5,5.67
H4C1_89,7YQK,5.71
H4C1_89,8IEG,5.72
H4C1_89,9FH9,5.72
H4C1_89,8GUI,5.75
H4C1_89,8KD1,5.76
H4C1_89,8X7J,5.76
H4C1_89,8JBX,5.81
H4C1_89,8Q3M,5.82
H4C1_89,8X7K,5.83
H4C1_89,8KB5,5.85
H4C1_89,5XF3,5.9
H4C1_89,7XD1,6.0
H4C1_99,5BNV,3.5
H4C1_99,8IEJ,3.69
H4C1_99,3NQJ,3.76
H4C1_99,7K5X,3.8
H4C1_99,6T90,3.82
H4C1_99,6YOV,4.25
H4C1_99,7LYB,5.52
HAT1_55,2P0W,3.28
HAT1_55,6VO5,3.29
HBA1_43,8XMP,2.45
HBA1_43,8XMQ,2.6
HBA1_43,6TB2,3.16
HBA1_43,8WXW,3.26
HBA1_43,7PCH,3.48
HBA1_43,7CUE,4.81
HBA1_43,3KMF,5.49
HBA1_43,4XS0,5.9
HBB_36,8XMP,3.14
HBB_36,8XMQ,3.32
HBB_36,6TB2,3.41
HBB_36,1IRD,3.66
HBB_36,1G9V,3.8
HBB_36,1K0Y,3.88
HBB_36,1GZX,4.07
HBB_36,5HU6,5.23
HBB_36,4X0L,5.27
HCFC1_393,4GO6,2.55
HDAC1_67,4BKX,3.29
HDAC1_67,5ICN,3.3
HDAC3_298,4A69,4.6
HDGFL2_18,3QJ6,5.49
HEXB_101,1NP0,2.54
HEXB_547,2GJX,2.88
HEXIM1_271,3S9G,5.85
HGS_466,3F1I,4.28
HLA-A_123,7MJ9,1.86
HLA-A_123,7QPJ,1.89
HLA-A_123,7RE8,2.58
HLA-A_123,7MJ6,2.8
HLA-A_123,8GOM,3.23
HLA-A_123,7N1B,3.4
HLA-A_123,7Q98,3.4
HLA-A_123,6Z9X,3.44
HLA-A_123,7Q9B,3.44
HLA-A_123,7RE7,3.53
HLA-A_123,6UZ1,3.59
HLA-A_123,7Q99,3.73
HLA-A_123,7Q9A,3.82
HLA-A_123,7LG3,3.87
HLA-A_123,8U9G,3.87
HLA-A_123,7N1F,3.88
HLA-A_123,7N6D,3.89
HLA-A_123,6Z9W,3.93
HLA-A_123,6O51,3.95
HLA-A_123,7BBG,3.95
HLA-A_123,7P3E,3.98
HLA-A_123,8TBW,3.98
HLA-A_123,7P3D,3.99
HLA-A_123,7MKB,4.03
HLA-A_123,7PBE,4.03
HLA-A_123,6O4Z,4.08
HLA-A_123,6VR1,4.08
HLA-A_123,6O53,4.09
HLA-A_123,6O4Y,4.1
HLA-A_123,7M8S,4.13
HLA-A_123,7N1A,4.13
HLA-A_123,6Z9V,4.15
HLA-A_123,7SA2,4.15
HLA-A_123,7U21,4.18
HLA-A_123,7N6E,4.19
HLA-A_123,6VQO,4.28
HLA-A_123,7LG2,4.29
HLA-A_123,7N1E,4.34
HLA-A_123,6VM7,4.54
HLA-A_123,6VM9,4.55
HLA-A_123,6VRN,4.58
HLA-A_123,6VRM,4.66
HLA-A_142,8RYQ,3.73
HLA-A_142,7OW3,4.52
HLA-A_142,7OW4,4.61
HLA-A_142,8WTE,4.77
HLA-A_142,8RYN,4.78
HLA-A_142,7OW5,4.93
HLA-A_142,7OW6,5.28
HLA-A_142,7PB2,5.48
HLA-B_147,7TUD,2.71
HLA-B_147,7TUC,2.85
HLA-C_123,7SU9,4.51
HLA-C_142,5W6A,4.66
HLA-C_142,5W69,4.73
HLA-C_142,1IM9,4.9
HLA-C_142,5VGD,4.99
HLA-C_142,6JTO,5.02
HLA-C_142,6PAG,5.02
HLA-C_142,5W67,5.09
HLA-C_142,5VGE,5.14
HLA-C_142,6PA1,5.24
HLA-C_142,4NT6,5.33
HLA-C_142,1QQD,5.39
HLA-C_142,1EFX,5.65
HLA-DQB1_41,8VSP,2.88
HLA-DQB1_79,1JK8,2.73
HLA-DQB1_79,1UVQ,2.91
HLA-DQB1_79,2NNA,3.56
HLA-DQB1_79,4GG6,4.0
HLA-DQB1_79,1S9V,4.73
HLA-DQB1_79,4OZI,4.96
HLA-DQB1_79,4OZH,5.53
HLA-DQB1_79,4OZG,5.74
HLA-DRB1_59,7N19,3.87
HLA-DRB1_59,6ATI,4.29
HLA-DRB1_59,6ATF,4.5
HLA-DRB1_59,6ATZ,4.68
HLA-E_134,6GH1,2.56
HLA-E_139,6ZKX,3.0
HLA-E_139,6GH4,5.32
HLA-E_139,7P4B,5.34
HLA-E_139,8RLT,5.36
HLA-E_139,6GL1,5.43
HLA-E_139,1KPR,5.51
HLA-E_139,6GGM,5.52
HLA-E_139,7P49,5.54
HLA-E_139,1KTL,5.62
HLA-E_139,7BH8,5.78
HLA-E_139,3CDG,5.79
HLA-E_139,7NDQ,5.91
HLA-E_139,8QFY,5.94
HLA-E_144,3BZF,5.92
HLA-F_180,5KNM,5.38
HLTF_93,5BNH,3.23
HLTF_93,6KCS,3.25
HLTF_93,4S0N,3.27
HLTF_93,4XZF,3.35
HMGB1_16,6CG0,2.33
HMGB1_16,6CIK,2.45
HMGB1_16,9CG9,2.9
HNRNPA2B1_174,7WM3,2.07
HNRNPK_425,7CRE,3.96
HNRNPM_64,2OT8,2.63
HRH1_321,7DFL,4.65
HRH1_321,8YN2,5.47
HSF2_68,5D8L,1.65
HSF2_68,5D8K,1.96
HSF2_68,7DCU,2.52
HSP90AA1_160,8FFV,3.26
HSP90AA1_160,8FFW,4.88
HSP90AA1_604,7L7I,3.49
HSP90AA1_627,7RXZ,3.14
HSP90AB1_211,7ZUB,1.98
HSP90AB1_301,8GAE,2.71
HSP90AB1_301,7ZR0,3.41
HSP90AB1_301,7Z38,4.45
HSPA1A_294,3A8Y,2.61
HSPA1A_431,4PO2,3.16
HSPA8_288,5AQG,5.69
HSPA8_288,5AQF,5.79
HSPA8_288,4HWI,5.89
HSPA8_288,5AQH,5.91
HSPA9_331,9BLS,3.19
HSPA9_331,9BLU,3.22
HTATSF1_136,7Q3L,3.48
HTT_1436,9PMW,2.15
HTT_1436,9PN0,2.45
HTT_2408,8VLX,5.38
ICOSLG_197,6X4G,2.07
ICOSLG_197,6X4T,2.32
IDH1_139,5SVF,4.26
IDH1_139,4XRX,4.72
IDH3A_133,8GRG,5.51
IFIT1_218,5W5H,4.9
IFIT1_218,5W5I,4.91
IFIT1_218,5UDJ,4.97
IFIT1_218,5UDI,5.08
IFIT1_218,5UDK,5.25
IFIT5_185,4HOT,3.37
IFIT5_185,4HOS,3.39
IFIT5_185,4HOR,3.54
IGF2BP3_39,6FQR,3.08
IGF2BP3_39,6GX6,3.31
IGHMBP2_145,4B3G,3.61
IGLL1_173,2H32,2.61
IMPDH2_484,6UDQ,4.25
INSR_1038,2AUH,3.31
INSR_1185,3BU3,5.68
INSR_1185,1RQQ,5.9
INSR_1185,1GAG,5.99
INSR_154,6PXV,2.44
INSR_154,8XJS,5.65
INSR_171,8YSZ,2.44
INSR_735,8XK1,5.43
INSR_94,7U6E,3.48
INSR_94,4OGA,3.5
INSR_94,6HN5,3.57
INSR_94,4XST,3.63
INSR_94,8X06,3.76
INSR_94,6VEQ,3.82
INSR_94,5J3H,3.96
INSR_94,4XSS,4.84
INTS11_179,7CUN,3.4
INTS1_230,7CUN,4.18
INTS3_329,4OWT,5.28
INTS3_446,4OWW,4.21
INTS3_78,4OWX,3.35
INTS5_873,7CUN,3.43
INTS8_554,7CUN,3.78
IPO5_688,9IM6,4.58
IQGAP2_1027,5CJP,4.39
IQSEC1_110,7VMB,5.07
IQSEC1_545,4C0A,3.37
IREB2_660,6VCD,5.74
IRF3_260,5JEJ,2.84
IRF3_260,5JEK,3.47
IRF3_260,5JEL,3.54
IRF3_260,5JEO,3.59
IRF3_260,5JER,3.62
IRF3_64,2O61,2.71
ITGA2_216,1V7P,3.08
ITGA2_216,4BJ3,4.06
ITGA2_216,1DZI,4.81
ITGA5_136,9CKV,2.77
ITGA5_136,9DIA,2.94
ITGA5_136,4WK2,4.41
ITGA5_136,7NWL,4.66
ITGA5_189,9B9J,2.17
ITGA5_189,4WK4,2.44
ITGA5_189,4WK0,2.46
ITGA5_189,3VI4,3.08
ITGA6_155,7CEB,5.83
ITGAV_142,5NET,4.46
ITGAV_142,5NEU,4.46
ITGAV_142,5NEM,4.67
ITGAV_169,8VS6,2.53
ITGAV_169,8TCF,3.61
ITGAV_169,9IND,3.63
ITGAV_169,6OM2,4.68
ITGAV_394,5FFO,4.76
ITGAV_404,5FFG,5.23
ITGAV_404,8TCG,5.35
ITGAV_928,8XEI,3.6
ITGB1BP1_144,4DX8,3.23
ITGB1BP1_144,4JIF,3.34
ITGB1_397,3VI3,5.92
ITGB1_783,3G9W,3.13
ITGB3_785,8GCD,3.97
ITGB4_1187,3F7P,4.13
ITGB4_1560,6GVK,4.68
JMJD6_137,3LD8,3.8
KANK1_1197,5YBU,3.4
KANK2_702,5YBV,3.27
KARS1_369,4DPG,3.61
KARS1_369,4YCU,4.38
KARS1_369,9DPL,4.74
KCNN4_179,9ED1,5.93
KDM1A_383,8Q1G,2.52
KDM1A_383,2V1D,2.54
KDM1A_383,2X0L,2.74
KDM1A_383,5H6Q,2.77
KDM1A_383,5X60,2.85
KDM1A_383,8UNI,2.93
KDM1A_383,5H6R,2.95
KDM1A_383,2Y48,3.12
KDM1A_383,6S35,3.76
KDM1A_383,7CDF,3.76
KDM1A_383,7CDC,3.91
KDM1A_383,7CDE,3.96
KDM1A_383,8BOX,4.36
KDM1A_383,7CDG,4.56
KDM1A_383,2UXN,5.3
KDM1A_383,3ZMS,5.79
KDM1A_482,4XBF,2.32
KDM1A_482,6WC6,3.13
KDM1A_482,3ZMV,3.2
KDM1A_482,4KUM,3.2
KDM1A_482,4CZZ,3.25
KDM1A_482,7CDD,3.29
KDM1A_482,2IW5,3.3
KDM1A_482,3ZMU,3.34
KDM1A_482,4BAY,3.37
KDM1A_482,3ZMT,3.39
KDM1A_482,5L3G,3.39
KDM1A_482,5L3F,3.63
KDM1A_482,5LHI,3.81
KDM1A_482,7ZRY,3.95
KDM4A_132,6H8P,3.81
KDM4A_132,2OT7,3.98
KDM4A_132,2OQ6,4.24
KDM4A_132,6HGT,4.82
KDM4A_132,5LY2,5.0
KDM4A_132,2P5B,5.21
KDM4A_132,5LY1,5.26
KDM4A_132,3U4S,5.31
KDM4A_132,5FWE,5.55
KDM4A_132,2Q8C,5.62
KDM4A_132,2YBP,5.88
KDM4A_973,2QQS,4.11
KDM8_272,6F4R,3.13
KDM8_272,6F4P,3.15
KEAP1_525,5WG1,2.27
KEAP1_525,8PKU,2.49
KEAP1_525,7K2A,2.5
KEAP1_525,5F72,2.55
KEAP1_525,7K2C,2.61
KEAP1_525,7K2K,2.79
KEAP1_525,5WFV,2.87
KEAP1_525,7K2O,3.1
KEAP1_525,4IFL,3.15
KEAP1_525,7K2D,3.15
KEAP1_525,7K2J,3.26
KEAP1_525,7K29,3.32
KEAP1_525,7K2H,3.32
KEAP1_525,8PKX,3.32
KEAP1_525,7K2M,3.35
KEAP1_525,8EJS,3.36
KEAP1_525,7K2B,3.37
KEAP1_525,7K2N,3.39
KEAP1_525,6FMP,3.4
KEAP1_525,8EHV,3.4
KEAP1_525,7K28,3.41
KEAP1_525,3ZGC,3.42
KEAP1_525,7K2E,3.42
KEAP1_525,8PKV,3.43
KEAP1_525,6TG8,3.45
KEAP1_525,7K2I,3.46
KEAP1_525,7K2R,3.46
KEAP1_525,2FLU,3.47
KEAP1_525,7K2G,3.47
KEAP1_525,7K2L,3.55
KEAP1_525,7K2Q,3.56
KEAP1_525,6T7Z,3.58
KEAP1_525,8EJR,3.61
KEAP1_525,7K2P,3.65
KEAP1_525,7K2F,3.67
KEAP1_525,5X54,3.69
KEAP1_525,6FMQ,3.69
KEAP1_525,6T7V,3.72
KHDRBS3_45,5EMO,2.8
KIF1C_757,9KO8,3.15
KLHL12_512,6TTK,2.06
KLHL12_512,8OIO,2.69
KLHL12_512,8RBH,2.75
KLHL12_512,6V7O,2.86
KLKB1_611,4OGY,4.33
KLKB1_611,4OGX,4.35
KMT2A_3944,2W5Z,2.59
KMT2A_3944,7U5V,3.1
KMT2A_3944,7W67,4.13
KPNA1_310,3TJ3,3.14
KPNA2_277,7N8J,2.26
KPNA2_277,7CRU,3.09
KPNA2_277,7N9H,3.62
KPNA2_277,5H43,3.74
KPNA2_277,4WV6,4.77
KPNB1_156,1M5N,2.52
KPNB1_529,2P8Q,4.98
KPNB1_529,3LWW,5.73
KRAS_157,6OB2,2.76
KRAS_157,8QW6,3.05
KRAS_157,8QU8,3.15
KRAS_157,8QVU,3.21
KRAS_157,7NY8,3.23
KRAS_157,5UFQ,3.56
KRAS_157,7KFZ,4.62
KRAS_96,8BE5,3.15
KRAS_96,6YXW,3.25
KRAS_96,7C41,3.33
KRAS_96,6WGN,3.48
KRAS_96,8F0M,3.48
KRAS_96,7ROV,3.6
KRAS_96,5XCO,3.61
KRAS_96,8EZG,3.65
KRAS_96,7YV1,5.66
LAMB1_1782,5XAU,2.51
LAMTOR1_140,5X6V,2.75
LAMTOR1_140,5YK3,2.93
LAMTOR1_140,6ULG,3.11
LAMTOR1_140,5X6U,3.18
LAMTOR1_140,6U62,3.47
LAMTOR1_140,5Y39,4.18
LAMTOR1_40,6WJ2,4.01
LAMTOR1_40,6B9X,5.9
LANCL1_153,8CZK,3.69
LARP7_153,4WKR,3.64
LARP7_483,6D12,2.43
LCN2_72,5N47,2.61
LCN2_72,4MVL,3.41
LCN2_72,4MVK,3.82
LCN2_72,4GH7,3.83
LCN2_72,4MVI,3.9
LCN2_72,6S8V,3.98
LCN2_76,4QAE,3.38
LDB1_242,6TYD,3.61
LDB1_242,8HIB,3.64
LIAS_322,8UGO,4.68
LIG1_598,8V1U,5.77
LIG1_598,8V1V,5.81
LIG1_775,6P09,5.81
LIG1_775,6P0E,5.83
LIG1_855,8VZM,2.37
LIG1_855,7KR4,2.39
LIG1_855,7KR3,2.4
LIG1_855,8VZL,2.4
LIG1_855,8VDN,2.47
LIG1_855,7SUM,2.53
LIG1_855,8VDS,2.54
LIG1_855,7SX5,2.64
LIG1_855,8VDT,2.64
LIG1_855,1X9N,2.66
LIG1_855,9BS3,4.06
LIG1_855,9BS4,4.16
LIG3_494,3L2P,3.04
LIG4_761,1IK9,3.5
LIG4_761,3II6,3.55
LIMK1_552,5HVK,5.13
LIN52_88,6C48,3.5
LIN9_388,6C48,5.92
LMAN1_289,8JP4,3.99
LMNA_45,6JLB,5.95
LMNA_481,7Z21,4.15
LONP1_394,9CC3,3.39
LONP1_565,7KRZ,3.24
LONP1_565,9CC0,3.32
LONP1_565,7P0M,3.33
LONP1_565,7P09,3.36
LONP1_565,9CC1,3.36
LONP1_565,7KSM,3.41
LSM11_253,6V4X,5.96
LTA4H_379,3B7T,4.14
LTA4H_379,3B7S,4.24
LTA4H_379,6ENB,5.61
LTF_111,1LGB,5.25
MAD2L1BP_91,2QYF,4.98
MAD2L1_199,1GO4,2.69
MAD2L1_199,2V64,3.09
MAD2L1_38,2QYF,3.5
MAFG_111,7X5G,2.37
MAFG_111,7X5F,2.48
MAFG_111,7X5E,3.36
MAP2K4_165,3ALO,2.78
MAPK14_132,2OKR,2.95
MAPK14_132,5ETA,3.0
MAPK14_182,3DS6,2.77
MAPK1_187,4IZ7,2.71
MAPK1_263,4IZ5,3.58
MAPK1_263,7OPM,3.75
MAPK1_317,8PSR,3.43
MAPK1_317,4H3P,4.21
MAPK1_317,3TEI,4.43
MAPK1_317,2Y9Q,4.57
MAPK1_317,4FMQ,4.8
MAPK1_317,5V61,4.8
MAPK7_350,4IC7,3.31
MAPK8_230,9FT9,3.27
MAPK8_230,5LW1,5.23
MAPK8_325,2XS0,3.67
MAPK8_325,1UKI,3.93
MAPK8_325,6F5E,4.1
MAPK8_325,2NO3,4.62
MAPK8_325,2G01,4.66
MAPK8_325,6ZR5,4.69
MAPK8_325,3O17,4.74
MAPK8_325,1UKH,4.75
MAPK8_325,3V3V,4.95
MAPK8_325,4UX9,5.36
MAPK8_325,3VUD,5.43
MAPKAPK2_367,2OZA,4.97
MAPRE1_247,1TXQ,2.86
MAPRE1_247,3GJO,3.06
MAPRE1_247,9CO5,3.19
MAPRE1_247,2HKQ,3.38
MAPRE1_247,2HL5,3.57
MAPRE1_247,3TQ7,3.66
MAPRE1_247,3MTU,5.4
MAPRE1_268,2HL3,2.64
MARS1_201,5Y6L,3.57
MAX_70,1NLW,2.79
MBD3_36,6CCG,5.66
MBD3_36,6CC8,5.74
MBD3_36,6CEU,5.77
MCM2_137,9CAQ,5.03
MCM2_137,8W0E,5.31
MCM2_234,9E2Z,2.94
MCM2_486,8W0F,2.33
MCM2_486,8S09,2.5
MCM2_486,7W1Y,3.24
MCM2_486,8S0A,3.36
MCM2_486,6XTX,4.0
MCM2_90,7CIZ,3.79
MCM2_90,7CJ0,3.83
MCM3AP_889,9DLP,3.29
MCM3_147,9CAQ,2.19
MCM3_147,9E2Z,2.21
MCM3_147,8W0F,2.33
MCM3_147,8W0E,3.02
MCM3_147,6XTX,3.38
MCM3_147,7W1Y,4.02
MCM3_147,8S0A,4.16
MCM3_147,8S09,4.51
MCM3_147,8W0I,5.76
MCM4_193,9CAQ,4.64
MCM4_394,6XTX,3.28
MCM4_421,8W0E,4.17
MCM4_421,7W1Y,4.42
MCM4_471,8S0A,2.88
MCM4_522,8W0I,1.76
MCM5_212,6XTX,4.25
MCM5_248,8W0I,3.17
MCM5_248,7W1Y,3.24
MCM5_248,8W0E,3.81
MCM5_248,9CAQ,4.11
MCM6_111,9CAQ,4.7
MCM6_111,8W0F,5.23
MCM6_111,8W0E,5.71
MCM6_111,8W0I,5.78
MCM6_111,9E2Z,5.97
MCM6_174,7W1Y,3.34
MCM6_174,8S09,3.54
MCM6_174,8S0A,3.56
MCM6_174,6XTX,4.28
MCM7_102,8W0I,2.19
MCM7_102,9E2Z,2.33
MCM7_102,8W0F,2.37
MCM7_102,8W0E,2.46
MCM7_102,9CAQ,2.51
MCM7_102,8S0A,3.56
MCM7_102,7W1Y,3.57
MCM7_102,8S09,3.78
MCM7_126,6XTX,4.23
MDM2_100,3G03,2.25
MDM2_100,2GV2,2.36
MDM2_100,7AD0,2.43
MDM2_100,3EQS,2.51
MDM2_100,4UE1,2.54
MDM2_100,9GFC,2.55
MDM2_100,1T4F,2.56
MDM2_100,1YCR,2.68
MDM2_100,6T2E,2.76
MDM2_100,5XXK,2.81
MDM2_100,4HFZ,2.85
MDM2_100,8EIC,2.86
MDM2_100,4UMN,2.88
MDM2_100,4UD7,2.93
MDM2_100,6T2D,3.02
MDM2_100,5UMM,3.06
MDM2_100,6T2F,3.09
MDM2_100,3V3B,3.17
MDM2_100,6AAW,3.38
MDM2_100,3IUX,3.39
MDM2_100,6Y4Q,4.08
MDM2_100,2AXI,4.12
MDM2_100,3JZS,4.13
MDM2_100,6H22,4.33
MDM2_100,5AFG,4.41
MDM2_100,3JZR,4.69
MDM2_100,7NUS,5.77
MDM2_100,9CDZ,5.9
ME2_218,1PJL,2.5
ME2_218,1DO8,2.57
ME2_218,1PJ2,2.75
ME2_218,1QR6,2.88
MECP2_120,6OGJ,5.61
MECP2_120,3C2I,5.91
MECP2_120,6C1Y,5.96
MECP2_123,6OGK,4.24
MEF2A_57,3MU6,3.38
MEF2A_57,1EGW,3.54
MEN1_106,8GPN,4.47
MEN1_106,3U88,5.29
MEPCE_490,6DCC,2.86
MEPCE_490,6DCB,2.91
MEPCE_490,5UNA,3.22
METAP2_137,9FPZ,3.22
METAP2_137,8ONY,3.55
METTL15_268,8IPM,5.13
METTL16_272,6DU5,4.03
MET_1307,4KNB,3.81
MET_369,2UZX,3.61
MET_369,4K3J,3.8
MEX3C_359,5WWX,3.53
MFAP1_276,5F5S,3.55
MGMT_114,1T38,2.99
MGMT_114,1YFH,3.02
MGMT_114,1T39,3.05
MLEC_111,6S7T,5.74
MMP2_581,1GXD,2.88
MNAT1_271,8PYR,4.68
MON1A_579,9L0D,3.32
MPC2_85,9MNX,4.18
MPG_71,7XFH,2.83
MRAS_50,9B4T,3.8
MRAS_50,7SD0,4.22
MRAS_50,7UPI,4.81
MRAS_50,7TVF,5.09
MSH2_238,8OMQ,4.92
MSH2_408,2O8F,3.4
MSH2_408,2O8B,3.57
MSH2_408,2O8E,3.59
MSH2_408,2O8D,3.7
MSH2_408,2O8C,3.76
MSH2_408,8AG6,4.29
MSH2_43,8R7V,2.64
MSH2_43,8RAU,2.67
MSH2_43,8RB0,2.72
MSH2_43,8OLX,2.75
MSH2_43,3THX,2.79
MSH2_43,8OM9,2.79
MSH2_43,8RZ7,2.82
MSH2_43,8RB2,2.83
MSH2_43,8R7C,2.84
MSH2_43,8R7E,2.9
MSH2_43,3THY,2.94
MSH2_43,3THW,2.95
MSH2_43,8RAV,2.95
MSH2_43,8RAW,3.03
MSH2_43,8RAZ,3.19
MSH2_43,8RAX,3.25
MSH6_1298,8AG6,3.06
MSH6_1298,2O8B,3.98
MSH6_1298,2O8F,3.99
MSH6_1298,2O8D,4.27
MSH6_1298,2O8C,4.43
MSH6_1298,2O8E,4.44
MSLN_346,8FSL,2.58
MSLN_485,7UED,3.2
MSN_116,1EF1,2.6
MTA1_472,6G16,2.91
MTA1_472,5FXY,2.95
MTOR_1220,6ZWO,3.41
MTOR_1220,6ZWM,3.49
MTOR_1220,7PE8,3.76
MTOR_1220,7PE7,3.83
MTOR_2074,6M4U,4.91
MTOR_2125,6BCX,4.15
MTOR_2125,6BCU,5.93
MTPN_41,7DSB,3.33
MTREX_173,6D6Q,3.93
MTREX_583,7Z52,3.31
MTREX_583,6C90,3.34
MTREX_649,6IEH,5.83
MTREX_649,6RO1,6.0
MYC_417,8OTS,5.3
MYO1C_241,4BYF,3.67
NAA10_106,9FPZ,5.6
NAA10_137,6C95,2.99
NAA10_55,6PPL,3.15
NAA25_580,6VP9,3.42
NAA25_580,7STX,3.56
NAAA_55,6DXX,2.05
NAE1_161,1TT5,5.85
NAE1_226,3GZN,2.68
NAE1_442,3DBH,5.45
NAE1_442,1R4M,5.65
NAE1_448,2NVU,5.73
NAE1_478,1YOV,3.85
NAP1L1_96,7UN6,4.24
NCBP1_121,5OOB,3.17
NCBP1_121,8PMP,3.82
NCBP1_121,8PNT,5.55
NCBP2_20,9HFL,2.68
NCBP2_20,3FEY,2.86
NCBP2_89,8PNT,2.55
NCBP2_89,8PMP,2.74
NCBP2_89,5OOB,4.04
NCS1_108,8AHY,2.48
NCS1_108,8ALH,2.5
NDC80_228,2VE7,2.76
NELFCD_415,5L3X,3.34
NELFE_367,5OOB,2.6
NF2_144,7LWH,3.32
NF2_144,4ZRI,3.69
NF2_144,4ZRJ,4.65
NF2_192,3U8Z,2.64
NFATC1_386,5SVE,3.19
NFKB1_349,1NFI,3.84
NFKB1_59,2O61,3.3
NFKB1_59,1SVC,3.97
NFKB2_325,8G8S,3.42
NFKB2_55,3DO7,2.54
NFKB2_55,7VUQ,2.55
NFKB2_55,7W7L,2.57
NFKB2_55,1A3Q,2.66
NFKB2_55,7CLI,2.77
NFKB2_55,7VUP,2.94
NFYB_58,4AWL,3.44
NFYB_58,6QMP,3.62
NKRF_545,6SH6,3.22
NMT1_420,7OWR,3.46
NMT1_420,6PAV,3.5
NMT1_420,7OWM,3.9
NMT1_420,7OWU,3.9
NMT1_420,5O9S,4.09
NMT1_420,8Q3D,4.1
NMT1_420,7OWN,4.11
NMT1_420,8Q26,4.16
NMT1_420,8Q3S,4.16
NMT1_420,8Q3T,4.17
NMT1_420,8Q2Z,4.21
NMT1_420,7RK3,4.32
NMT1_420,8Q24,4.54
NMT1_420,7OWQ,4.7
NMT1_420,5O9V,4.8
NMT1_420,8Q23,4.81
NMT1_420,7OWP,4.85
NMT1_420,5O9U,4.88
NMT1_420,5O9T,4.95
NMT1_420,7OWO,4.99
NOL9_621,9DUN,5.37
NONO_265,7PU5,2.57
NONO_265,7LRQ,3.73
NONO_265,6WMZ,3.79
NOTCH1_1619,3I08,3.3
NR2C2_129,7XV8,2.65
NR2C2_151,7XV6,4.64
NRAS_32,9BTM,2.74
NRP1_422,8C5G,3.69
NT5E_158,8ZNZ,5.14
NTSR1_167,6OSA,5.61
NUDT21_160,3P5T,2.46
NUDT21_208,3MDG,3.32
NUDT21_208,3MDI,3.51
NUDT21_208,3Q2T,3.57
NUP54_453,4JNV,1.94
NUP54_453,4JO7,2.43
NUP93_261,7MW1,5.73
ODC1_110,5BWA,5.76
OGA_286,5UHP,2.64
OGA_286,5UHK,2.78
OGA_286,5VVX,3.69
OGA_286,5VVT,5.23
OGA_286,5UN8,5.73
OGA_69,5VVV,3.37
OGA_69,5VVU,3.41
OGA_715,8P0L,1.86
OGG1_207,1FN7,2.92
OGG1_207,1YQL,3.04
OGG1_207,1YQM,3.07
OGG1_207,2NOI,3.11
OGG1_207,9EOZ,3.2
OGG1_207,3KTU,3.24
OGG1_207,2NOB,3.27
OGG1_207,1N39,3.31
OGG1_207,1N3C,3.31
OGG1_207,2NOZ,3.32
OGG1_207,2NOF,3.33
OGG1_207,8XWC,3.35
OGG1_207,2XHI,3.36
OGG1_207,1YQR,3.38
OGG1_207,1EBM,3.4
OGG1_207,8XXG,3.4
OGG1_207,2NOH,3.41
OGG1_207,3IH7,3.49
OGG1_207,1M3H,3.5
OGG1_207,2I5W,3.53
OGG1_207,8VWT,3.56
OGG1_207,9KKY,3.64
OGG1_207,8VX6,3.7
OGG1_207,1YQK,3.75
OGG1_207,1M3Q,3.76
OGG1_207,1LWV,3.87
OGG1_207,2NOE,3.89
OGG1_207,1HU0,3.96
OGG1_207,6W0R,4.78
OGG1_207,6W13,5.16
OGT_398,5VIE,3.38
OGT_418,6TKA,2.06
OGT_418,6MA1,3.31
OGT_418,4N39,3.54
OGT_642,6IBO,3.36
ORC4_174,5UJ7,2.68
ORC4_174,7JPO,3.46
ORC5_45,7JPO,3.86
P4HA1_141,4BT8,2.94
P4HA1_141,4BTA,3.59
PABPC1_140,4F02,3.39
PAFAH1B1_225,9DZY,2.33
PAFAH1B1_225,9E0T,4.41
PAFAH1B1_225,8FDU,5.21
PAK1_131,1F3M,3.47
PALS1_528,4WSI,2.95
PARP1_117,4AV1,5.94
PARP1_569,7S6H,5.12
PARP1_569,7S68,5.35
PARP1_569,4DQY,5.37
PARP1_569,4OPX,5.69
PARP1_889,6M3I,4.61
PCID2_109,9DLP,5.5
PCID2_274,3T5X,5.46
PCLAF_47,6GWS,2.41
PCNA_114,6VVO,3.95
PCNA_114,6TNY,4.16
PCNA_114,8UI9,4.53
PCNA_114,8UI8,4.66
PCNA_114,8UMV,5.21
PCNA_133,1AXC,3.1
PCNA_133,7NV0,3.54
PCNA_133,7KQ1,3.67
PCNA_133,7M5M,3.86
PCNA_133,6HVO,3.9
PCNA_133,6CBI,3.94
PCNA_133,7KQ0,4.31
PCNA_133,7M5L,4.55
PCNA_133,4ZTD,4.66
PCNA_133,5MAV,5.13
PCNA_133,5IY4,5.23
PCNA_133,2ZVK,5.25
PCNA_133,6QCG,5.31
PCNA_133,4RJF,5.33
PCNA_133,1UL1,5.42
PCNA_133,6K3A,5.45
PCNA_133,1VYJ,5.47
PCNA_133,8F5Q,5.61
PCNA_133,6GWS,5.64
PCNA_133,5YCO,5.72
PCNA_133,8COB,5.79
PCNA_133,3P87,5.85
PCNA_133,1U7B,5.93
PCNA_133,6QC0,5.94
PCNA_133,5MLO,5.99
PCNA_211,8UMT,2.77
PCNA_211,9CHM,3.21
PCNA_211,6EHT,3.33
PCNA_211,9GY0,3.33
PCNA_211,4D2G,3.42
PCNA_211,9B8T,3.44
PCNA_211,9EOA,3.46
PCNA_211,9NE6,3.61
PCNA_211,7EFA,3.91
PCNA_211,5E0V,4.14
PCNA_211,9CG4,4.18
PCNA_211,1U76,5.0
PCNA_211,2ZVL,5.44
PCNA_211,5YD8,5.99
PDCD6_124,2ZNE,3.31
PDHB_334,3EXE,4.94
PDHB_334,6CFO,5.03
PDHB_334,2OZL,5.13
PDHB_334,1NI4,5.19
PDHB_334,3EXI,5.51
PDIA3_115,7QNG,3.36
PDPK1_146,4RRV,2.2
PDPK1_146,5LVP,3.06
PEX5_545,2C0L,3.44
PEX5_545,3R9A,4.04
PFN1_129,1CF0,4.53
PFN1_129,1CJF,5.38
PFN1_129,1AWI,5.47
PFN1_129,2PAV,5.67
PFN1_60,8BR0,2.54
PFN1_60,8BJH,3.25
PGAM1_50,8IT4,5.79
PHF20L1_24,6L1F,4.65
PHF2_14,8F8Y,3.94
PHF2_14,7M10,4.02
PHF2_14,8F8Z,4.28
PHF2_14,3KQI,4.57
PHF5A_100,9K1W,3.19
PHF5A_100,9K1O,3.25
PHF5A_54,7Q3L,3.04
PHF5A_54,7ONB,3.33
PHF5A_54,7B0I,3.57
PHF5A_54,5IFE,3.81
PHF5A_54,7EVN,4.34
PHF5A_71,7Q4P,2.74
PHF5A_71,7Q4O,2.79
PHKA1_1189,8Z5P,5.89
PHKA1_1189,8XYA,5.96
PHKA1_1189,8XYB,5.96
PIK3CA_361,4OVV,5.75
PIK3CA_361,8TDU,5.89
PIK3R1_416,7RNS,1.84
PIK3R1_416,8TGD,2.37
PIK3R1_416,5M6U,3.17
PIK3R1_416,3HHM,3.32
PIK3R1_416,4JPS,4.68
PIK3R1_416,8AM0,4.77
PIK3R1_685,7CIO,5.04
PIK3R1_685,5AUL,5.83
PIK3R1_73,3I5R,2.63
PIK3R2_423,7RNU,3.48
PIK3R2_449,6OX7,2.65
PITRM1_383,4NGE,4.11
PITRM1_906,6XOV,2.77
PKD2_345,8Z6B,3.22
PKM_175,4QG6,5.42
PLAUR_114,3BT1,2.37
PLAUR_114,3BT2,2.96
PLCB3_279,8UQO,2.49
PLCB3_279,8EMW,2.51
PLCB3_847,4QJ3,3.13
PLG_772,7E50,3.58
PLG_772,6Q1U,3.64
PLG_772,6D3Y,3.76
PLG_772,3UIR,3.77
PLG_772,6D3X,3.79
PLK1_417,6GY2,2.82
PLK1_417,3P37,2.93
PLK1_417,4E9D,3.14
PLK1_417,3C5L,3.24
PLK1_417,4LKM,3.31
PLK1_417,3P35,3.55
PLK1_417,5J19,3.59
PLK1_417,4E67,3.68
PLK1_417,8S31,3.72
PLK1_417,7MX1,3.79
PLK1_417,8JOQ,3.9
PLK1_417,8JOY,4.09
PLK1_417,3BZI,4.21
PLK1_417,1Q4K,4.35
PLK1_417,3FVH,4.67
PLK1_417,6AX4,4.72
PLK1_417,4X9W,4.74
PLK1_417,4HAB,4.79
PLK1_417,3Q1I,4.8
PLK1_417,4X9R,4.85
PLK1_417,8S30,4.88
PLK1_417,4HY2,4.93
PLK1_417,4X9V,4.95
PLK1_417,3RQ7,5.03
PLK1_417,4O6W,5.04
PLK1_417,3P2Z,5.05
PLK1_417,4O56,5.06
PLK1_417,3HIK,5.08
PLK1_417,4E9C,5.09
PLK1_417,4LKL,5.12
PLK1_417,1UMW,5.14
PLK1_417,4O9W,5.18
PLK1_417,8WFP,5.19
PLK1_417,2OJX,5.7
PLS3_51,7R94,5.38
PLXNB1_1839,3SU8,3.31
PLXNB1_1839,2REX,3.68
PMF1_55,5LSK,3.96
PMF1_55,8PPR,4.59
POLA1_1055,6AS7,2.58
POLA1_1055,5IUD,3.06
POLA1_1055,8D96,4.14
POLA1_1055,4Q5V,4.46
POLA1_1055,4QCL,4.53
POLA1_1055,7N2M,4.8
POLA1_1055,9MJ5,4.83
POLA1_1146,8QJ7,3.59
POLA1_1177,8D0B,2.87
POLA1_1341,4Y97,2.76
POLA2_206,8QJ7,4.02
POLA2_206,8D0B,4.06
POLA2_206,4Y97,5.32
POLD1_1037,6TNY,3.52
POLD2_50,6TNY,2.7
POLD3_119,3E0J,2.38
POLD3_119,6TNY,3.3
POLE2_134,5VBN,4.2
POLE_1132,9B8T,2.35
POLE_1132,9F6I,2.77
POLE_84,9NE6,5.19
POLG_1210,8D3R,3.51
POLG_1210,3IKM,4.48
POLG_1210,8D33,5.16
POLG_1210,9GGB,5.43
POLG_1210,8D42,5.8
POLG_1210,8V5R,5.93
POLG_452,8G5I,5.52
POLG_452,8G5M,5.68
POLG_452,8UDK,5.92
POLG_573,5C51,2.98
POLG_573,4ZTU,3.26
POLG_573,8UDL,3.8
POLG_573,8G5N,4.48
POLR1A_1003,7OBA,3.2
POLR1A_1003,7OBB,3.41
POLR1C_163,7OBA,3.63
POLR1C_163,7OBB,3.93
POLR1F_238,7OBA,3.13
POLR1F_93,7OBB,3.42
POLR2B_1020,9EHZ,3.23
POLR2B_1020,8XSO,3.32
POLR2C_142,9EHZ,3.67
POLR2C_142,8XSO,4.1
POLR2E_26,9EHZ,2.53
POLR2E_26,8XSO,2.89
POLR2E_26,7OBA,3.25
POLR2E_26,7OBB,3.28
POLR2G_17,9EHZ,5.34
POLR2G_17,8XSO,5.6
POLR2H_65,9EHZ,3.03
POLR2H_65,8XSO,3.36
POLR2H_65,7OBB,5.25
POLR2H_90,7OBA,2.59
POLR2J_61,8XSO,2.85
POLR2J_61,9EHZ,3.16
POLR2L_62,9EHZ,3.04
POLR2L_62,8XSO,3.15
POLRMT_468,9MN4,5.4
POLRMT_610,9MN5,2.43
POLRMT_610,9MN6,2.43
POLRMT_610,9R96,2.61
POLRMT_610,9GZO,2.62
POLRMT_610,9GZM,2.66
POLRMT_610,9GZN,2.83
POLRMT_610,9R95,2.93
POLRMT_610,8U8U,3.56
POLRMT_610,9BDC,3.63
POLRMT_610,4BOC,4.3
POLRMT_999,9MN8,3.74
POP7_20,6LT7,2.82
PPIH_60,1MZW,4.2
PPP1CA_110,7T0Y,4.55
PPP1CA_114,3V4Y,2.95
PPP1CA_134,6ZEH,2.29
PPP1CA_134,6ZEE,2.32
PPP1CA_134,6ZEG,2.32
PPP1CA_134,6ZEF,2.5
PPP1CA_134,4MP0,2.86
PPP1CA_134,4MOY,2.99
PPP1CA_134,8DWK,3.24
PPP1CA_134,3HVQ,3.44
PPP1CA_134,3EGG,3.6
PPP1CA_134,3EGH,3.61
PPP1CA_134,9NB9,3.8
PPP1CA_134,6OBQ,5.27
PPP1CA_134,3E7A,5.45
PPP1CA_134,6DNO,5.56
PPP1CA_255,6CZO,2.61
PPP1CA_255,8U5G,2.7
PPP1CA_255,8SW5,2.81
PPP1CA_255,8SW6,3.16
PPP1CA_255,4XPN,3.57
PPP1CA_255,7QFB,3.6
PPP1CA_255,4G9J,3.62
PPP1CA_255,5IOH,4.12
PPP1CA_255,6DCX,4.37
PPP1CA_255,6GHM,4.46
PPP1CA_255,3N5U,5.55
PPP1CA_70,6OBN,5.98
PPP1CA_78,7QM2,3.2
PPP1R7_258,8U5G,3.81
PPP2R1A_155,7CUN,4.2
PPP2R1A_495,8TTB,2.4
PPP2R1A_495,8SO0,2.51
PPP2R1A_495,8TWI,2.54
PPP2R1A_495,3DW8,2.59
PPP2R1A_495,2NPP,2.63
PPP2R1A_495,3K7V,2.68
PPP2R1A_495,2IE4,2.75
PPP2R1A_495,2IE3,2.81
PPP2R1A_495,4I5L,2.89
PPP2R1A_495,4LAC,2.89
PPP2R1A_495,7K36,3.03
PPP2R1A_495,3C5W,3.09
PPP2R1A_495,8UWB,3.2
PPP2R1A_495,7SOY,3.26
PPP2R1A_495,8U1X,3.33
PPP2R1A_495,9C7T,3.34
PPP2R1A_495,9C6B,3.46
PPP2R1A_495,8UO5,3.47
PPP2R1B_468,9MF5,2.81
PPP2R2A_134,8TTB,4.92
PPP2R2A_143,3DW8,5.4
PPP2R5C_209,3FGA,3.43
PPP2R5D_580,8U1X,4.86
PPP3CA_119,6NUC,1.9
PPP3CA_119,4F0Z,2.33
PPP3CA_119,5SVE,3.46
PPP3CA_224,3LL8,4.79
PPP3CA_288,5C1V,2.35
PPP3CA_288,2P6B,3.09
PPP3CA_288,6UUQ,3.33
PPP3CA_288,9B9G,4.19
PPP3CA_315,1M63,3.49
PPP3CA_315,1MF8,4.44
PPP5C_293,8GAE,2.21
PQBP1_245,4BWQ,2.32
PQBP1_245,4BWS,2.95
PRDX1_38,2RII,5.1
PRDX4_237,5HQP,4.18
PRIM1_222,8QJ7,5.56
PRIM2_347,5F0Q,2.62
PRIM2_347,8D96,2.67
PRKAA1_190,6C9H,3.82
PRKAA1_442,6C9F,3.3
PRKAA1_442,7JHG,3.77
PRKAA2_450,5EZV,3.98
PRKAA2_465,4ZHX,3.69
PRKACA_205,3AMA,3.9
PRKACA_205,3MVJ,4.1
PRKACA_205,4UJA,4.14
PRKACA_205,2GU8,4.26
PRKACA_205,4WB5,4.36
PRKACA_205,4UJ1,4.38
PRKACA_205,4WB6,4.42
PRKACA_205,3L9L,4.44
PRKACA_331,4AE6,3.85
PRKACA_331,4AE9,5.31
PRKAG1_165,7JHG,5.26
PRKAG1_39,4CFE,3.08
PRKAG1_39,7MYJ,3.18
PRKAG1_39,6C9H,4.28
PRKAG1_39,6C9F,4.86
PRKCD_120,1YRK,4.4
PRKCI_397,5LI1,5.86
PRKCI_419,8R3X,3.05
PRKCI_419,5LIH,5.89
PRKDC_115,7SGL,3.3
PRKDC_1920,7SU3,3.81
PRKDC_1920,7Z87,4.83
PRKDC_2972,7TYR,5.31
PRMT5_286,9E3A,2.86
PRMT5_286,7BOC,3.0
PRMT5_286,6V0O,3.4
PRMT5_286,6V0N,3.49
PRMT5_304,9E3C,2.1
PRMT5_304,4GQB,3.7
PRMT5_334,5FA5,5.96
PRORP_175,7ONU,5.87
PRORP_365,8CBK,4.56
PRPF3_411,8QP8,4.36
PRPF6_105,8Q7Q,3.42
PRPF6_105,8Q91,3.96
PRPF6_105,8RC0,5.32
PRPF6_446,8QP8,3.33
PRPF8_1008,8Q7Q,4.95
PRPF8_1204,8QP8,4.09
PRPF8_1317,8Q91,3.92
PRPF8_2091,7PX3,3.31
PRPF8_225,8RC0,4.63
PSMA3_26,8TM3,3.43
PSMA4_121,8QYJ,3.52
PSMA5_26,8QZ9,3.06
PSMA5_26,8QYM,3.21
PSMA5_26,8TM3,3.43
PSMA5_26,8QYL,3.66
PSMA5_26,8QYJ,4.45
PSMA6_23,8QYM,3.29
PSMA6_23,8QZ9,4.46
PSMA6_27,8TM3,3.24
PSMA6_27,8QYL,4.22
PSMA6_27,8QYJ,4.38
PSMA7_118,8QYJ,3.58
PSMA7_176,8QZ9,3.84
PSMA7_176,8QYM,3.85
PSMA7_21,8TM3,4.29
PSMB1_125,8QZ9,4.33
PSMB3_50,8QZ9,3.73
PSMB5_149,8QZ9,4.69
PSMC1_71,8USD,3.31
PSMC2_41,8USD,3.08
PSMD2_232,8USD,3.08
PSMD2_432,7UJD,4.16
PSMD2_432,7UIH,4.88
PSME1_32,1AVO,3.54
PSMG1_236,8QYL,3.19
PSMG1_236,8QZ9,3.28
PSMG1_236,8QYM,3.67
PSMG1_287,8QYJ,2.95
PSMG1_287,8TM3,3.22
PSMG4_58,5WTQ,2.78
PSMG4_58,8TM3,2.87
PSMG4_58,8QYJ,3.52
PTAR1_349,6O60,2.8
PTBP1_247,3ZZY,3.26
PTK2_925,1OW7,3.55
PTK2_925,1OW8,3.7
PTK2_925,3B71,3.84
PTPN11_197,5X94,3.89
PTPN11_197,5DF6,4.03
PTPN11_197,4JEG,5.74
PTPN11_197,5X7B,5.89
PTPN11_66,3TKZ,3.64
PTPN11_66,4QSY,4.81
PTPN1_20,8EYB,5.21
PTPN1_20,1G1H,5.7
PTPN1_20,4ZRT,5.7
PTPN21_1039,8GXE,5.0
PTPN9_307,4ICZ,5.92
PTPN9_333,6KZQ,3.21
PTPN9_333,6L03,3.33
PTPRF_1861,6KR4,3.03
PTTG1_111,7NJ1,3.23
PUM1_1005,3Q0L,2.56
PUM1_1005,3Q0M,2.85
PUM1_1005,3BSX,3.2
PUM1_1005,3BSB,3.51
PUM1_1005,2YJY,4.74
PUM1_1005,1M8X,5.4
PUM1_1005,1M8Y,5.51
PUM1_1005,3Q0P,5.52
PUM1_1005,3Q0N,5.7
PUM1_1120,1M8W,2.96
PUM3_257,4WZW,5.35
PYGL_162,1FC0,4.01
PYGL_162,1XOI,4.38
PYGL_75,2QLL,3.61
QRICH1_573,9HJU,2.13
QRICH1_573,9HJT,2.32
RAB10_6,5SZJ,2.4
RAB10_6,5LPN,2.62
RAB10_6,9G0C,2.66
RAB11B_10,4OJK,3.11
RAB1A_112,9MHF,3.45
RAB1A_36,2WWX,3.16
RAB1A_36,3L0I,3.18
RAB1A_36,3SFV,3.33
RAB1A_36,4FMB,5.59
RAB1A_40,4IRU,2.52
RAB1A_40,4FMC,2.98
RAB1A_40,4JVS,3.0
RAB1A_40,4FMD,3.22
RAB35_37,6IF2,5.58
RAB35_5,6IF3,3.05
RAB3GAP1_458,8VYB,3.67
RAB5A_151,1TU3,5.09
RAB6A_82,5LEF,2.3
RAB6A_82,3BBP,3.09
RAB6A_82,3CWZ,3.45
RAB7A_183,1YHN,2.97
RAB7A_183,9L0D,5.89
RAB7A_78,7F6J,3.16
RAB7A_78,8KB8,5.68
RAB7A_78,6WCW,5.71
RAB8A_143,3QBT,5.6
RAB8A_143,4LI0,5.88
RAB8A_5,6ZSI,2.26
RAB8A_5,5SZI,2.36
RAB8A_5,7BWT,2.42
RAB8A_5,7LWB,5.95
RAD1_255,8GNN,4.06
RAD1_255,6J8Y,4.22
RAD21_211,6QNX,1.91
RAD21_211,7ZJS,1.94
RAD21_211,9HN5,2.55
RAD21_598,8RO6,3.24
RAD21_598,8RO8,3.32
RAD21_598,8RO9,3.37
RAD51B_163,8GBJ,5.89
RAD51_191,1N0W,2.66
RAE1_174,7VPG,2.67
RAE1_174,3MMY,2.68
RAE1_174,7F60,3.1
RAE1_345,4OWR,3.58
RAF1_232,4FJ3,2.89
RAF1_232,7Z38,3.2
RAF1_232,8CPD,3.68
RALA_153,2BOV,5.63
RALA_36,1ZC3,3.6
RANBP2_2660,1Z5S,3.23
RANBP2_2660,9B62,3.43
RANBP2_2660,3UIP,3.53
RANBP2_2660,3UIN,3.79
RANBP2_3010,7MNZ,2.28
RANGAP1_585,5D2M,4.28
RAN_146,5DIS,4.65
RAN_146,9B62,5.1
RAN_155,7MO0,2.36
RAN_155,7MNX,3.46
RAN_155,7MNW,3.57
RAN_155,1RRP,4.28
RAN_155,5CLL,4.69
RAN_39,7MNQ,3.37
RAN_39,3CH5,4.2
RAN_39,3GJ4,4.21
RAN_79,8UX1,2.5
RAN_79,3GJ3,5.17
RAP1B_32,4MGI,2.85
RAP1B_32,3CF6,2.92
RAP1B_32,3BRW,3.12
RAP1B_32,4M8N,3.12
RAP1B_40,5KHO,3.13
RAP1B_40,4DXA,3.36
RAP1B_40,4HDQ,3.94
RAP1GAP_377,3BRW,4.08
RASA1_426,6WAY,2.52
RASA1_426,8DGQ,2.53
RB1_424,1O9K,3.29
RB1_771,1GH6,4.38
RB1_805,4CRI,3.4
RBBP4_132,6ZRC,2.4
RBBP4_132,8VMI,2.45
RBBP4_132,8FYH,2.86
RBBP4_132,8VNV,3.38
RBBP4_132,9C8U,3.45
RBBP4_132,8VNZ,3.74
RBBP4_132,8VML,4.13
RBBP4_132,9DCH,4.19
RBBP4_154,6NQ3,2.69
RBBP4_154,6C24,2.88
RBBP4_154,7R1D,3.2
RBBP4_154,7Y5L,3.77
RBBP4_154,7Y5K,3.98
RBBP4_154,2XU7,5.34
RBBP4_21,7N40,2.52
RBBP4_21,8IQG,3.03
RBBP4_21,5FXY,3.47
RBBP4_21,6G16,3.5
RBBP4_21,5WAK,3.59
RBBP4_21,5WAI,4.56
RBBP4_21,4PBZ,4.71
RBBP4_21,4PBY,4.74
RBBP5_277,6KIU,5.72
RBBP5_345,7W6L,2.75
RBBP5_345,5F6L,2.9
RBBP5_345,5F6K,2.95
RBBP5_345,7W67,3.0
RBBP5_345,7BRE,3.03
RBBP7_283,3CFV,5.21
RBL1_879,4YOO,3.54
RBL1_879,7SME,3.9
RBL1_879,7SMF,4.01
RBL1_879,7SMC,4.27
RBL1_879,4YOZ,4.8
RBL1_879,7SMD,5.68
RBM39_99,6UD7,3.3
RBM39_99,6UE5,3.45
RECQL5_419,8RL9,4.66
RECQL5_419,8RLA,4.7
RECQL5_419,7ZMN,5.31
RECQL5_419,7ZMS,5.36
RECQL5_419,7ZMQ,5.39
RECQL5_419,7ZMT,5.42
RECQL5_419,7ZML,5.5
RECQL5_419,7ZMM,5.52
RECQL5_419,7ZMR,5.61
RECQL5_419,7ZMV,5.65
RECQL5_508,9EI2,2.46
RECQL_344,4U7D,5.15
RECQL_344,8YRS,5.45
RECQL_344,2WWY,5.77
RELA_306,7LF4,2.88
RELA_306,1NFI,3.96
RELA_66,2O61,4.66
RFC1_672,6VVO,4.1
RFC2_161,8UII,5.14
RFC2_279,6VVO,3.39
RFC3_238,8UI9,3.18
RFC3_238,8UI8,4.52
RFC3_238,8UMV,4.97
RFC3_238,8UMT,5.34
RFC3_279,6VVO,3.39
RFC3_279,8UNJ,3.58
RFC4_182,6VVO,2.95
RFC4_182,8UII,3.61
RFC4_229,8UMV,3.76
RFC5_157,8UI8,2.89
RFC5_157,8UI9,2.91
RFC5_157,6VVO,4.01
RFC5_157,8UMV,4.94
RFC5_157,8UMT,5.32
RFC5_236,8UNJ,5.09
RGL2_665,8B69,2.06
RHEB_14,9ED7,4.9
RHEB_35,7BTC,5.42
RHOA_34,1X86,2.26
RHOA_34,8FC7,2.3
RHOA_34,1XCG,2.57
RHOA_34,4D0N,2.59
RHOA_34,7G80,2.62
RHOA_34,1LB1,2.65
RHOA_34,5M6X,2.79
RHOA_34,1TX4,2.8
RHOA_34,1OW3,2.81
RHOA_34,3MSX,2.89
RHOA_34,2RGN,2.96
RHOA_34,5IRC,2.96
RHOA_34,9IQY,2.97
RHOA_34,4XH9,3.02
RHOA_34,5HPY,3.13
RHOA_34,6R3V,3.27
RHOA_34,9IQX,3.45
RHOA_34,8JVJ,3.61
RHOA_34,9AX5,5.96
RHOA_42,6BCA,2.5
RHOA_42,6BCB,2.58
RHOA_42,6BC0,2.63
RHOA_42,8T1C,2.72
RHOC_74,1Z2C,5.72
RICTOR_490,6ZWO,5.87
RIGI_15,7TNY,2.83
RIGI_15,7TO0,2.92
RIGI_15,8DVU,3.09
RIGI_15,7TO2,3.12
RIGI_426,6GPG,5.54
RIGI_426,5F9H,5.88
RIGI_426,6KYV,5.88
RIGI_426,5E3H,5.92
RIGI_905,3OG8,4.69
RIGI_905,3ZD6,5.23
RIGI_905,4AY2,5.66
RILPL1_392,9QM9,2.71
RIOX2_209,4BXF,2.03
RNASEL_312,4OAV,2.48
RNF168_104,8X7I,3.41
RNF168_104,8X7K,3.43
RNF168_104,8X7J,3.53
RNF168_120,5XIS,3.3
RNF20_111,8GUI,5.28
RNMT_399,5E8J,3.03
ROCK1_254,3NDM,2.55
ROCK1_405,4W7P,3.53
ROCK1_405,2ESM,4.22
RPA1_118,5N85,2.97
RPA1_118,7XUV,5.86
RPA1_118,8JZV,5.96
RPA1_478,9MJ5,3.04
RPA2_125,8RK2,2.23
RPA2_125,1L1O,2.32
RPA2_125,2PQA,2.48
RPA2_125,9MJ5,4.3
RPA2_256,4MQV,2.97
RPA3_113,8RK2,3.15
RPA3_113,2Z6K,3.18
RPA3_113,2PI2,3.24
RPA3_113,1L1O,3.27
RPA3_113,1QUQ,3.46
RPAP2_102,7F4G,3.56
RPAP2_102,7B7U,4.29
RPL23A_117,6SXO,3.93
RPL23A_117,8ONY,4.29
RPL23A_117,9FPZ,5.04
RPL26_78,9FPZ,3.8
RPL26_78,8ONY,3.82
RPL26_81,6SXO,3.81
RPL28_25,9FPZ,3.88
RPL38_41,6SXO,2.75
RPL38_41,9FPZ,2.98
RPL38_41,8ONY,3.51
RPL4_11,9FPZ,2.73
RPL6_115,9FPZ,3.03
RPN1_142,6S7O,3.54
RPN2_345,6S7T,3.96
RPS27A_59,6SQO,3.41
RPS27A_59,6SQR,3.8
RPS27A_59,3NHE,5.28
RPS27A_59,5WVO,5.89
RPS6KA1_486,4NIF,5.08
RPS6KA1_702,5CSF,5.92
RPS6KA3_356,8XFY,2.98
RPTOR_110,6U62,3.92
RPTOR_360,8RCK,3.3
RPTOR_360,8RCN,3.34
RPTOR_692,6BCU,3.28
RPTOR_692,6BCX,3.86
RSU1_140,7D2S,3.31
RSU1_140,7D2T,3.46
RXRB_468,1UHL,2.7
RXRB_468,5KYA,2.87
RXRB_468,5I4V,2.94
RYBP_70,9DG3,3.24
RYBP_70,8PP6,3.32
RYBP_70,9DDE,3.58
RYBP_70,9DBY,3.69
SAMD9_328,7KSP,3.6
SARS1_248,8P7B,5.63
SARS1_263,3VBB,3.65
SART1_712,8QP8,2.41
SCARB2_267,6I2K,2.91
SCN5A_1889,4DCK,3.13
SCNN1A_162,6WTH,3.67
SDHA_205,6VAX,3.59
SDHA_408,8DYD,5.28
SDHA_408,8DYE,5.31
SDHB_241,8GS8,3.47
SEC22B_110,3EGD,3.55
SEC22B_110,8HR0,3.55
SEC22B_110,3EGX,3.77
SEC23A_119,3EG9,3.47
SEPHS1_12,9HJT,1.9
SEPHS1_12,9HJU,1.91
SERPINB9_199,8ZCR,4.29
SETD1A_1500,3UVN,2.82
SETD3_210,6WK1,5.34
SETD3_210,6OX5,5.42
SETD3_210,6OX3,5.51
SETD3_244,6ICV,4.72
SETD3_244,6ICT,4.73
SF1_52,4FXW,5.22
SF3A1_410,8QP8,5.86
SF3A2_155,7Q4O,3.63
SF3A2_155,7ONB,3.74
SF3A2_155,7Q4P,3.76
SF3A3_136,7ONB,3.38
SF3A3_136,7Q3L,3.48
SF3A3_136,7Q4O,3.78
SF3A3_136,7Q4P,3.84
SF3B1_1049,7Q4P,2.81
SF3B1_1049,9K1O,2.96
SF3B1_1049,5IFE,3.19
SF3B1_1049,7B0I,3.26
SF3B1_1049,7ONB,3.29
SF3B1_1049,7Q3L,3.36
SF3B1_1049,7Q4O,3.56
SF3B1_1049,7EVN,3.58
SF3B1_1049,9K1W,3.84
SF3B1_412,2F9D,2.64
SF3B2_24,7Q4P,2.66
SF3B2_24,7Q3L,2.73
SF3B2_24,7Q4O,2.93
SF3B2_24,7ONB,3.19
SF3B3_1029,7Q3L,3.08
SF3B3_1029,7Q4P,3.42
SF3B3_1029,7Q4O,3.76
SF3B3_1029,7ONB,3.9
SF3B3_1029,5IFE,4.28
SF3B3_1029,9K1O,5.12
SF3B3_1029,9K1W,5.88
SF3B3_1166,7EVN,3.27
SF3B3_142,7B0I,5.6
SF3B4_16,7ONB,5.92
SFN_130,6Y7T,2.27
SFN_130,6YR7,3.22
SFN_130,6Y3W,3.65
SFN_130,6Y1J,3.69
SFN_130,6T5F,3.94
SFN_130,8B4Q,4.18
SFN_130,6W0L,4.3
SFN_130,6GHP,4.38
SFN_130,7OBG,4.41
SFN_130,7OR8,4.43
SFN_130,6Y1D,4.5
SFN_130,6XXC,4.53
SFN_130,7OBK,4.57
SFN_130,7OR3,4.63
SFN_130,8RRK,4.65
SFN_130,8RRL,4.85
SFN_130,7OBC,4.87
SFN_130,6TJM,4.88
SFN_130,8ANC,4.95
SFN_130,7NIX,4.97
SFN_130,6YLU,5.07
SFN_130,7B13,5.07
SFN_130,6ZVB,5.1
SFN_130,7QIP,5.11
SFN_130,7PWT,5.14
SFN_130,6Y3R,5.15
SFN_130,7OBX,5.17
SFN_130,6Y8E,5.21
SFN_130,6TWZ,5.23
SFN_130,6RJZ,5.29
SFN_130,6T80,5.3
SFN_130,7BM9,5.31
SFN_130,6G8K,5.33
SFN_130,8C40,5.33
SFN_130,4QLI,5.34
SFN_130,5MOC,5.34
SFN_130,6Y3M,5.36
SFN_130,8BYF,5.36
SFN_130,3P1N,5.37
SFN_130,6YIB,5.37
SFN_130,7OBS,5.39
SFN_130,8AZE,5.43
SFN_130,7AOG,5.44
SFN_130,4JC3,5.45
SFN_130,5MHC,5.46
SFN_130,6HHP,5.48
SFN_130,1YWT,5.49
SFN_130,6HMT,5.51
SFN_130,3SMK,5.52
SFN_130,3UX0,5.53
SFN_130,3IQV,5.54
SFN_130,6QDT,5.55
SFN_130,7AEW,5.55
SFN_130,6QDR,5.56
SFN_130,6FBW,5.59
SFN_130,8A62,5.59
SFN_130,6YR6,5.6
SFN_130,6FAU,5.63
SFN_130,6FCP,5.65
SFN_130,6FI4,5.65
SFN_130,7OB5,5.68
SFN_130,6R5L,5.69
SFN_130,8P0D,5.7
SFN_130,5N75,5.73
SFN_130,5N5R,5.76
SFN_130,6FI5,5.77
SFN_130,7NMA,5.77
SFN_130,6YOW,5.78
SFN_130,7B15,5.8
SFN_130,5LU1,5.81
SFN_130,3LW1,5.82
SFN_130,6FBB,5.82
SFN_130,9F35,5.82
SFN_130,3IQU,5.84
SFN_130,8C28,5.84
SFN_130,8QS8,5.85
SFN_130,6Y3O,5.88
SFN_130,8QSD,5.88
SFN_130,8QSB,5.9
SFN_130,8VSN,5.9
SFN_130,6ZCJ,5.91
SFN_130,6QZS,5.93
SFN_130,6XWD,5.94
SFN_130,7QIK,5.95
SFN_130,4DAU,5.96
SFN_130,6Y40,5.97
SFN_130,8C2F,5.97
SFN_130,8C2D,5.98
SFN_130,4IEA,5.99
SFN_130,8C2E,5.99
SFN_130,8Q55,5.99
SFN_19,6NV2,3.06
SFN_19,6G6X,5.44
SFN_19,3IQJ,5.8
SFN_19,5MYC,5.83
SFN_213,8BTQ,5.5
SFPQ_251,6WMZ,2.7
SFPQ_381,7PU5,2.1
SFPQ_381,5WPA,2.89
SFPQ_381,7LRQ,3.4
SIN3B_183,8C60,5.82
SIN3B_193,8BPB,3.78
SIRT2_104,6L66,3.59
SIRT2_104,4Y6Q,5.69
SIRT2_104,5G4C,5.82
SKIC2_1055,9G8R,3.21
SKIC3_100,9G8R,2.46
SKIC3_100,7QDY,3.89
SKI_284,1MR1,3.65
SKP1_109,6C16,2.49
SKP1_109,6W66,2.52
SKP1_109,5IBK,2.66
SKP1_109,6BVA,3.2
SKP1_109,6BYH,3.21
SKP1_109,6M91,3.69
SKP1_109,6M90,3.7
SKP1_109,1P22,5.06
SLC12A2_1211,7SMP,2.26
SLC1A5_204,8OUH,3.63
SLC9A1_577,7DSX,2.89
SLC9A1_683,6NUC,2.49
SMAD1_424,5ZOK,5.77
SMAD2_366,1DEV,2.88
SMAD2_366,5ZOJ,3.8
SMAD4_430,1MR1,2.47
SMAD4_430,5C4V,2.76
SMAD4_513,1U7V,3.76
SMARCA4_475,6LTH,2.5
SMARCA5_141,8V4Y,1.35
SMARCA5_141,8V6V,2.05
SMARCA5_141,8V7L,2.76
SMARCA5_80,9E1L,2.96
SMARCA5_80,9E1O,2.98
SMARCA5_80,9E1P,2.98
SMARCA5_80,9E1U,3.0
SMARCA5_80,9E1X,3.09
SMARCB1_248,6LTH,3.6
SMC1A_1204,8RO8,3.33
SMC1A_1204,8RO6,3.39
SMC1A_1204,8RO9,3.42
SMS_64,3C6M,3.42
SNAP29_68,4WY4,2.69
SNAPC1_124,7ZWC,4.83
SNAPC4_214,7ZWC,3.01
SNAPC4_372,7XUR,3.24
SNCA_39,5CRW,3.52
SND1_329,7KNX,3.13
SND1_766,3OMC,3.42
SND1_766,3OMG,4.3
SNRNP200_11,8Q7Q,1.61
SNRNP200_11,8Q91,2.89
SNRNP200_11,8RC0,3.1
SNRNP200_1476,7PX3,5.48
SNRNP200_1771,7OS2,5.02
SNRNP48_133,8R7N,3.33
SNRNP48_133,9GBW,3.84
SNRNP48_133,9GC0,4.04
SNRNP70_136,4PKD,2.81
SNRPA1_117,1A9N,3.43
SNRPB_15,8R7N,2.26
SNRPB_15,8Q7Q,2.47
SNRPB_15,9GCL,2.68
SNRPB_15,9GBW,2.74
SNRPB_15,9GC0,2.76
SNRPB_15,6V4X,2.81
SNRPB_15,8Q91,3.17
SNRPB_15,8RC0,3.31
SNRPD1_67,9GC0,2.77
SNRPD1_67,9GCL,2.8
SNRPD3_28,8RC0,2.44
SNRPD3_28,8Q91,2.51
SNRPD3_28,6V4X,2.92
SNRPD3_28,9GC0,3.3
SNRPD3_28,9GBW,3.68
SNRPD3_28,8R7N,4.15
SNRPD3_28,9GCL,4.38
SNRPD3_62,8Q7Q,1.77
SNRPD3_62,3VRI,3.81
SNRPE_53,8Q7Q,2.69
SNRPE_53,8RC0,3.16
SNRPE_53,9GCL,3.22
SNRPE_53,6V4X,3.3
SNRPE_53,9GC0,3.55
SNRPE_53,8Q91,3.77
SNRPE_53,9GBW,4.69
SNRPE_53,8R7N,4.96
SNRPF_71,6V4X,4.9
SNU13_32,3SIV,2.56
SNU13_32,2OZB,2.72
SNU13_32,3SIU,5.63
SNUPN_35,3GB8,2.75
SNUPN_58,2QNA,2.99
SNX1_496,8A1G,4.37
SOCS2_99,7M6T,3.43
SOCS6_472,2VIF,3.11
SOS1_1008,8BE5,4.54
SOS1_912,4NYI,2.64
SOS1_912,6BVL,2.69
SOS1_912,4URU,2.7
SOS1_912,1XD2,2.71
SOS1_912,1NVU,2.72
SOS1_912,4US0,2.72
SOS1_912,8BE7,2.74
SOS1_912,6EPL,2.77
SOS1_912,1BKD,2.79
SOS1_912,8BE8,2.84
SOS1_912,8BEA,2.84
SOS1_912,8BE4,2.87
SOS1_912,8BE9,2.98
SOS1_912,7KFZ,3.02
SOS1_912,8BE6,3.02
SPINT1_280,4ISL,4.18
SPINT1_280,1YC0,4.48
SPIRE1_139,2YLE,5.07
SPIRE1_139,3R7G,5.19
SPSB3_279,8OL1,5.63
SPTLC1_128,6M4O,3.99
SPTLC1_178,7K0O,5.88
SPTLC2_176,6M4O,3.03
SPTLC2_176,7K0M,3.17
SPTLC2_176,7K0Q,3.45
SPTY2D1_636,5BS7,2.96
SQSTM1_148,7R1O,4.33
SRC_232,7T1U,3.89
SRP14_27,1E8O,3.16
SRP14_83,5AOX,1.96
SRP14_83,4UYJ,3.07
SRP19_22,5M73,1.96
SRP19_22,4P3E,2.52
SRP19_22,1JID,2.56
SRP19_22,1MFQ,2.68
SRP72_120,5M72,3.65
SRSF3_13,9ASQ,3.13
SSB_23,2VOP,3.22
SSB_23,1YTY,3.27
SSB_23,2VOD,3.3
SSB_23,2VON,3.41
SSB_23,2VOO,3.44
SSTR5_138,8ZBJ,3.62
SSTR5_138,8X8L,5.39
SSTR5_138,8ZCJ,5.89
STAG2_1021,9HMS,3.11
STAMBP_50,9LE4,2.42
STAT1_170,1YVL,5.49
STAT1_68,3WWT,3.09
STAT3_176,6TLC,2.44
STIP1_236,3ESK,2.4
STIP1_236,3FWV,2.45
STIP1_236,1ELR,2.7
STIP1_27,1ELW,3.79
STK10_214,5OWQ,5.36
STK3_38,4LG4,5.67
STK3_86,4LGD,4.78
STK4_433,4NR2,3.17
STRIP1_740,7K36,2.84
STRN3_137,7K36,2.62
STRN3_182,6AKL,3.55
STT3A_157,6S7O,4.91
SUGP1_552,8EJM,3.15
SUPT3H_307,7KTR,2.0
SUPT5H_230,3H7H,2.61
SUPT7L_139,7KTR,3.96
SUPV3L1_396,3RC8,3.81
SUZ12_478,5WAI,3.2
SUZ12_478,6NQ3,3.49
SUZ12_499,8VNZ,3.14
SUZ12_499,6C24,3.19
SUZ12_499,8VNV,3.21
SUZ12_499,8VML,3.31
SUZ12_499,8VMI,3.41
SUZ12_499,9DCH,3.42
SUZ12_499,9C8U,3.45
SUZ12_499,8FYH,3.59
SYNJ2BP_35,7PC9,2.88
SYNJ2BP_35,7P73,3.53
SYNJ2BP_35,7R2M,4.99
SYVN1_30,8KES,3.24
SYVN1_30,8KET,3.24
TAB1_388,5NZZ,3.03
TAB1_388,5O90,3.21
TAB1_394,5VVU,3.1
TAF1_593,7EGH,3.83
TAF2_196,7EGH,4.13
TAF3_855,7EGF,3.62
TAF4_934,7EGG,3.28
TAF4_934,7EGF,3.35
TAF5L_120,7KTR,3.38
TAF5_274,7EGF,4.74
TAF5_275,6F3T,5.28
TAF5_540,7EGG,3.59
TAF6_105,7EGF,2.51
TAF6_105,7EGG,3.35
TAF6_296,7EGH,3.42
TAF6_73,6F3T,2.37
TAF7_24,7EGH,2.85
TAF7_24,4RGW,5.73
TAF8_172,7EGH,3.17
TAF8_172,7EGG,5.67
TAF9_120,6F3T,2.79
TAF9_120,7EGF,3.19
TAF9_120,7EGG,3.45
TAP2_216,9OCH,2.79
TAP2_216,9OCI,3.1
TAP2_216,9OCJ,3.2
TAP2_216,9O94,3.21
TAP2_216,9N63,3.54
TBP_192,7EGF,2.39
TBP_192,1CDW,2.63
TBP_192,1NVP,2.87
TBP_192,7ZWC,2.99
TBP_192,1TGH,3.04
TBP_192,5N9G,4.14
TCP1_190,7TRG,5.37
TECPR1_600,4TQ1,3.2
TERF1_124,3L82,2.95
TERF1_124,8OX1,3.66
TERF1_124,8W8G,3.79
TERF1_124,3BQO,4.58
TERF1_124,5WIR,5.7
TERF2_102,3BUA,2.79
TERF2_102,5WQD,3.01
TERF2_102,4M7C,3.11
TERF2_102,3BU8,3.13
TERF2_102,7C5D,3.43
TERF2_102,1H6P,3.51
TFAM_103,4NOD,2.38
TFAM_103,6HC3,2.66
TFAM_103,6HB4,2.71
TFAM_103,7LBX,2.76
TFAM_103,4NNU,2.81
TFAM_103,3TQ6,3.12
TFAM_103,9GZM,3.61
TFAM_103,9R95,3.65
TFAM_103,9R96,3.65
TFAM_103,9MN4,5.21
TFAM_103,3TMM,5.48
TFAM_162,9MN5,2.71
TFAM_162,7LBW,2.86
TFRC_123,1DE4,5.38
TFRC_20,7ZQS,3.25
TFRC_211,6WRV,3.08
TFRC_211,6WRW,3.41
TFRC_211,6WRX,3.43
TGFB1_103,8REW,3.09
TGFBR3_168,7LBG,2.67
TGIF1_191,6FQP,1.8
TGIF1_191,6FQQ,2.67
THADA_1113,8Y2O,5.39
TIAM1_874,4NXR,5.3
TJP1_533,3TSZ,4.44
TJP1_588,3TSW,2.68
TLR3_383,8YHU,3.27
TLR3_383,9LSI,4.9
TNFAIP3_614,3OJ4,3.23
TNFAIP3_778,3VUW,3.38
TNFRSF6B_90,4J6G,3.58
TNKS_283,5JHQ,3.42
TOMM20_86,8UY3,4.96
TOMM40_303,7VBY,2.56
TOMM40_303,9EII,2.69
TOMM40_303,9EIJ,2.78
TOMM40_303,7CK6,3.2
TOMM70_450,7KDT,5.05
TOP1_268,1A36,4.23
TOP1_268,1NH3,5.06
TOP1_268,1A35,5.24
TOP1_268,1R49,5.64
TOP1_268,1K4S,5.78
TOP1_268,1A31,5.83
TOP1_426,1EJ9,2.51
TOP1_426,1K4T,2.51
TOP1_426,1LPQ,2.54
TOP1_426,1RR8,2.7
TOP1_426,1TL8,2.96
TOP2A_957,8W50,5.13
TOR1AIP1_493,4TVS,3.28
TOX4_591,9CI7,3.43
TP53BP1_1500,6CO1,2.42
TP53BP1_1500,6CO2,2.81
TP53BP1_1500,8SVG,3.27
TP53BP1_1500,8SVJ,3.33
TP53BP1_1500,5Z78,3.43
TP53BP1_1500,4CRI,3.53
TP53BP1_1500,5J26,3.53
TP53BP1_1500,8SVI,3.55
TP53BP1_1500,8SVH,3.57
TP53BP1_1500,2IG0,3.65
TP53BP1_1500,7YQK,3.8
TP53BP1_1502,4X34,3.96
TP53BP1_1846,1GZH,3.18
TP53BP1_1846,5ECG,3.38
TP53_205,8HLL,5.55
TP73_356,8P9E,3.62
TP73_356,8P9C,3.71
TP73_356,8P9D,5.92
TP73_389,9GLQ,3.84
TPM1_221,8EFH,3.62
TPM1_221,8EFI,3.64
TRIM25_210,5NT1,3.23
TRIM28_369,7Z36,2.03
TRIO_1362,2NZ8,5.22
TRMT10C_244,8CBK,2.6
TRMT10C_244,7ONU,3.92
TRMT10C_49,8CBL,2.82
TRMT10C_49,8CBM,3.57
TSEN54_180,8ISS,3.54
TSEN54_180,8HMZ,4.16
TSEN54_180,8HMY,4.42
TSPAN15_135,8ESV,5.83
TTC7B_136,5DSE,2.3
TTC7B_537,9B9G,3.37
TUBA1B_451,6J4V,4.59
TUBB3_106,6WSL,3.43
TWF1_272,7CCC,3.44
TXNL4A_120,8QP8,2.91
TXNL4A_59,4BWQ,5.71
UBA1_273,6DC6,5.35
UBA6_49,7SOL,2.94
UBE2I_134,5D2M,2.31
UBE2I_134,1KPS,2.92
UBE2I_134,1Z5S,2.98
UBE2I_134,8ODR,3.38
UBE2I_134,3UIP,3.47
UBE2I_134,3UIN,3.54
UBE2I_134,6SYF,3.88
UBE2I_134,9B62,4.03
UBE2I_87,2GRN,3.32
UBE2L3_46,8EAZ,2.83
UBE2L3_46,8EB0,3.03
UBE2L3_46,5HPT,3.04
UBE2M_172,4P5O,4.37
UBE2M_177,2NVU,2.55
UBE2N_147,4DHJ,2.56
UBE2N_147,5AIU,5.17
UBE2N_147,6ULH,5.56
UBE2N_147,9BIV,5.83
UBE2N_34,5AIT,3.18
UBE2N_34,2C2V,3.46
UBE2N_34,5VNZ,3.97
UBE2N_62,4DHZ,3.76
UBE2N_76,7BXG,3.49
UBE2N_76,6P5B,3.76
UBE2N_76,6KL4,3.89
UBE2N_76,6KFP,4.12
UBE2N_76,6LP2,4.22
UBE2N_76,6JKY,4.27
UBE2R2_161,8R5H,2.98
UBE2R2_190,6NYO,3.46
UBE2S_141,5BNB,2.99
UBE2V2_73,5AIT,5.45
UBE3A_659,1C4Z,5.36
UBE3A_776,8JRN,3.83
UBR1_110,5TDC,5.72
UBR4_3474,9D9Z,3.51
UBR4_3474,9NWE,3.51
UBR5_1370,8C06,2.83
UBR5_2773,8C07,4.0
UFL1_249,8QFC,3.59
UFL1_56,8C0D,1.74
UNC119B_142,7OK6,5.85
UNC119B_231,7OK7,5.25
UNC119_194,4GOJ,3.37
UNC119_194,3RBQ,5.26
UNC119_194,4GOK,5.34
UNC119_194,5L7K,5.49
UNC119_194,6H6A,5.58
USP11_424,8OYP,3.29
USP12_229,5L8W,3.14
USP12_229,5K16,3.19
USP12_348,5K1C,3.27
USP14_195,2AYO,5.53
USP1_170,7AY2,2.67
USP1_170,8A9K,2.97
USP1_170,9EBS,4.05
USP39_134,8QP8,3.07
USP46_227,5CVM,2.58
USP46_227,5CVN,2.69
USP5_223,2G45,2.97
USP8_717,6F09,1.87
USP8_984,3N3K,2.79
USP8_984,8XPN,6.0
VASP_341,8YVL,3.76
VCL_100,6UPW,2.53
VCP_173,7OAT,5.41
VCP_495,8FCT,5.14
VCP_495,5IFW,5.2
VCP_755,8YKA,3.45
VCP_755,9DIL,3.81
VCP_805,3EBB,2.64
VCP_805,4P0A,3.11
VDAC1_22,8J0O,3.29
VDAC2_18,9EII,4.04
VDAC2_18,9EIJ,4.2
VHL_185,5T35,5.62
VHL_185,8P0F,5.68
VHL_185,8PC2,5.92
VHL_185,6HR2,5.97
VHL_185,7Z77,5.99
VHL_98,6BVB,2.67
VHL_98,6I7Q,2.9
VHL_98,8R5H,3.68
VHL_98,4AJY,3.87
VHL_98,6GFX,3.95
VHL_98,6GMR,3.99
VHL_98,1LM8,4.08
VHL_98,1LQB,4.18
VHL_98,7PI4,4.19
VIRMA_1608,7VF2,3.22
VPS36_220,2ZME,4.39
VPS4B_34,4U7Y,5.7
VPS72_214,8QR1,2.49
VPS72_214,9C57,2.62
VPS72_214,9CAC,2.83
VPS72_214,8XVT,2.89
VPS72_214,9CAE,2.9
WARS1_420,2AKE,5.57
WARS1_420,2AZX,5.77
WDFY3_3351,3WIM,2.62
WDR45B_65,9C9I,2.64
WDR45B_65,8ZQG,3.31
WDR5_191,6IAM,2.66
WDR5_191,2H6K,2.7
WDR5_191,2H6Q,2.71
WDR5_191,2H6N,2.78
WDR5_191,3UVM,2.81
WDR5_191,7BCY,2.89
WDR5_191,6KIU,2.97
WDR5_191,9J20,3.06
WDR5_191,3UVN,3.12
WDR5_191,4ERQ,3.23
WDR5_191,7DNO,3.23
WDR5_191,2H9M,3.31
WDR5_191,7BED,3.39
WDR5_191,8WXQ,3.41
WDR5_191,8WXT,3.41
WDR5_191,6WJQ,3.43
WDR5_191,2H13,3.44
WDR5_191,5SXM,3.5
WDR5_191,4ERZ,3.51
WDR5_191,6BYN,3.51
WDR5_191,7CFQ,3.52
WDR5_191,8WXV,3.52
WDR5_191,4ESG,3.53
WDR5_191,9B9T,3.6
WDR5_191,4EWR,3.62
WDR5_191,3EG6,3.64
WDR5_191,3UVL,3.64
WDR5_191,4A7J,3.64
WDR5_191,4CY1,3.69
WDR5_191,7CFP,3.69
WDR5_191,2O9K,3.72
WDR5_191,3EMH,3.73
WDR5_191,3UVK,3.74
WDR5_191,4CY2,3.86
WDR5_191,8WXR,3.94
WDR5_191,2CNX,4.55
WDR5_191,3UVO,4.58
WDR5_191,2CO0,4.64
WDR5_191,2G99,4.87
WDR5_191,8X3S,4.9
WDR5_191,6OI3,5.26
WDR5_191,3P4F,5.36
WDR5_191,3PSL,5.75
WDR5_191,2G9A,5.93
WDR5_228,8Q1N,3.08
WDR5_228,4Y7R,3.46
WTAP_96,7VF2,3.13
WTAP_96,7VF5,3.22
WWP2_491,5TJ7,3.24
WWP2_704,8EI5,3.78
XIAP_154,1I3O,2.78
XIAP_154,4J48,5.41
XIAP_154,4J45,5.49
XIAP_154,4J3Y,5.54
XIAP_154,4J47,5.55
XIAP_154,4J46,5.58
XIAP_154,4J44,5.73
XIAP_190,1I51,2.79
XIAP_190,1I4O,5.92
XIAP_290,1G73,3.59
XIAP_75,4MTZ,2.68
XIAP_75,2QRA,2.8
XPC_290,8EBU,4.17
XPO1_105,9B62,3.42
XPO1_841,5DIS,4.62
XPO1_841,6TVO,5.26
XRCC4_129,1FU1,5.75
XRCC4_177,1IK9,3.04
XRCC4_177,6ABO,3.12
XRCC4_177,3II6,3.19
XRCC5_295,7SU3,5.36
XRCC5_295,7SGL,5.37
XRCC5_295,7ZYG,5.53
XRCC5_433,6ERG,5.18
XRCC5_433,1JEY,6.0
XRCC6_274,1JEY,4.04
XRCC6_274,7Z87,4.5
XRCC6_274,7SGL,5.16
XRCC6_274,7SU3,5.37
XRCC6_30,6ERG,3.01
XRCC6_559,1JEQ,4.5
YOD1_197,4BOZ,5.92
YOD1_197,4BOS,5.94
YPEL5_84,8QBN,4.21
YTHDF3_424,6ZOT,3.23
YWHAB_130,2C23,2.27
YWHAB_130,6GN0,2.66
YWHAB_130,6GN8,2.66
YWHAB_130,8DP5,5.05
YWHAB_130,5N10,5.17
YWHAB_130,6BYK,5.17
YWHAB_130,6A5Q,5.92
YWHAB_130,6HEP,5.98
YWHAE_131,7C8E,4.53
YWHAE_131,8DGN,5.23
YWHAE_131,7V9B,5.48
YWHAE_131,8DGP,5.82
YWHAE_131,8DP5,5.87
YWHAE_131,8Q1S,5.95
YWHAE_131,2BR9,5.96
YWHAE_131,3UAL,6.0
YWHAG_133,7A6R,4.65
YWHAG_133,6BYJ,5.11
YWHAG_133,6FEL,5.15
YWHAG_133,6BZD,5.23
YWHAG_133,6SAD,5.47
YWHAG_133,6Y4K,5.54
YWHAG_133,6GKG,5.63
YWHAG_133,2B05,5.75
YWHAG_133,6BYL,5.97
YWHAG_133,5D3E,5.99
YWHAG_184,6ZBT,3.67
YWHAG_184,6A5S,3.87
YWHAG_184,6S9K,4.89
YWHAG_184,4J6S,5.2
YWHAH_133,2C63,5.86
YWHAH_49,7NMZ,3.46
YWHAQ_128,6BD2,4.12
YWHAQ_128,6KZG,4.26
YWHAQ_128,6BQT,4.63
YWHAQ_128,6BCR,4.81
YWHAQ_128,6KZH,5.87
YWHAZ_128,2O02,2.49
YWHAZ_128,4N7G,2.58
YWHAZ_128,4N7Y,2.82
YWHAZ_128,5JM4,3.02
YWHAZ_128,6YMO,3.28
YWHAZ_128,9FVL,3.7
YWHAZ_128,2C1J,3.82
YWHAZ_128,4BG6,3.94
YWHAZ_128,4WRQ,4.27
YWHAZ_128,6F09,4.77
YWHAZ_128,2WH0,4.84
YWHAZ_128,7D8P,5.01
YWHAZ_128,5WXN,5.07
YWHAZ_128,6YOS,5.16
YWHAZ_128,1QJB,5.28
YWHAZ_128,8VYP,5.46
YWHAZ_128,6YO8,5.47
YWHAZ_128,5XY9,5.52
YWHAZ_128,1QJA,5.61
YWHAZ_128,6U2H,5.61
YWHAZ_128,6EWW,5.63
YWHAZ_128,5EWZ,5.64
YWHAZ_128,8QDV,5.68
YWHAZ_128,5ULO,5.75
YWHAZ_128,7ZIT,5.75
YWHAZ_128,6EF5,5.77
YWHAZ_128,4HKC,5.86
YWHAZ_128,7D8H,5.87
YWHAZ_128,4FJ3,5.9
YWHAZ_128,8WF6,5.91
YWHAZ_128,6EJL,5.92
YWHAZ_128,7D9V,5.95
YWHAZ_128,5M36,5.99
YWHAZ_128,5NAS,6.0
YWHAZ_211,5D3F,3.68
YWHAZ_211,1IB1,4.08
YY1_383,1UBD,4.53
ZBTB33_536,4F6N,2.51
ZBTB33_536,6V8U,2.59
ZBTB33_536,4F6M,2.62
ZBTB33_536,5VMX,2.66
ZBTB33_536,6DFC,2.73
ZBTB33_536,5VMU,2.79
ZBTB33_536,6DF5,2.89
ZBTB33_536,5VMV,3.58
ZBTB7A_451,7N5U,2.26
ZBTB7A_451,8H9H,2.43
ZBTB7A_451,7N5V,2.69
ZBTB7A_451,8E3D,2.72
ZBTB7A_451,7EYI,2.79
ZBTB7A_451,8E3E,3.18
ZBTB7A_451,7N5S,4.1
ZCCHC8_203,7Z52,5.36
ZCCHC8_318,5LXR,3.86
ZCCHC8_318,5LXY,4.02
ZDHHC17_56,3EU9,2.93
ZNF217_506,3UK3,2.57
